"Fecha","Último","Apertura","Máximo","Mínimo","Vol.","% var."
"20.08.2018","5.449,90","5.500,00","5.500,00","5.449,90","14,61K","-0,02%"
"17.08.2018","5.451,10","5.415,50","5.550,00","5.350,00","209,47K","0,66%"
"16.08.2018","5.415,50","5.484,00","5.529,90","5.412,00","318,05K","-1,25%"
"14.08.2018","5.484,00","5.636,00","5.636,00","5.415,10","371,70K","-0,89%"
"13.08.2018","5.533,20","5.693,40","5.720,00","5.500,10","223,35K","-2,81%"
"10.08.2018","5.693,40","5.688,60","5.798,00","5.551,20","296,66K","0,08%"
"09.08.2018","5.688,60","5.792,00","5.792,00","5.601,00","255,40K","-1,79%"
"08.08.2018","5.792,00","5.739,30","5.859,00","5.740,00","44,41K","0,92%"
"07.08.2018","5.739,30","5.834,30","5.895,00","5.650,10","217,03K","-1,63%"
"06.08.2018","5.834,30","5.932,00","5.970,00","5.830,00","107,99K","-1,65%"
"03.08.2018","5.932,00","5.970,00","6.038,00","5.912,20","115,17K","-0,80%"
"02.08.2018","5.980,00","5.992,00","5.992,00","5.900,90","526,07K","-0,20%"
"01.08.2018","5.992,00","6.016,80","6.017,00","5.953,00","136,10K","-0,41%"
"31.07.2018","6.016,80","5.917,70","6.099,70","5.917,70","313,98K","0,66%"
"30.07.2018","5.977,50","5.937,70","6.020,00","5.936,30","186,48K","0,67%"
"27.07.2018","5.937,70","6.045,90","6.053,90","5.900,00","218,98K","-1,79%"
"26.07.2018","6.045,90","6.045,80","6.095,00","6.000,00","100,90K","0,00%"
"25.07.2018","6.045,80","6.099,30","6.199,00","6.008,20","287,78K","-0,88%"
"24.07.2018","6.099,30","6.002,40","6.190,00","5.944,90","277,37K","1,61%"
"23.07.2018","6.002,40","5.999,60","6.045,00","5.977,20","727,39K","0,05%"
"20.07.2018","5.999,60","5.999,90","6.050,00","5.990,00","1,06M","-0,00%"
"19.07.2018","5.999,90","5.967,40","6.150,00","5.960,00","475,49K","0,54%"
"18.07.2018","5.967,40","5.928,20","6.000,00","5.945,00","166,63K","0,66%"
"17.07.2018","5.928,20","5.935,30","5.993,00","5.899,80","318,44K","-0,12%"
"13.07.2018","5.935,30","5.976,40","5.999,60","5.901,10","247,14K","-0,69%"
"12.07.2018","5.976,40","6.001,70","6.002,00","5.948,80","371,15K","-0,42%"
"11.07.2018","6.001,70","6.018,70","6.050,00","6.000,00","433,11K","-0,28%"
"10.07.2018","6.018,70","6.028,10","6.180,00","5.900,00","617,83K","-1,15%"
"09.07.2018","6.089,00","6.078,60","6.183,00","6.070,00","220,47K","0,17%"
"06.07.2018","6.078,60","5.994,40","6.150,00","5.999,90","3,07M","1,40%"
"05.07.2018","5.994,40","5.960,20","6.023,00","5.960,20","900,11K","0,58%"
"04.07.2018","5.960,10","5.962,30","6.050,00","5.905,40","111,87K","-0,04%"
"03.07.2018","5.962,30","6.051,50","6.220,00","5.953,00","62,79K","-1,47%"
"29.06.2018","6.051,50","5.984,60","6.114,00","5.955,00","237,58K","1,12%"
"28.06.2018","5.984,60","6.000,00","6.150,00","5.902,00","399,86K","-0,58%"
"27.06.2018","6.019,40","5.918,90","6.189,80","5.920,00","814,94K","1,70%"
"26.06.2018","5.918,90","6.000,00","6.081,00","5.856,00","258,08K","-1,01%"
"25.06.2018","5.979,30","6.078,90","6.170,10","5.952,00","284,28K","-1,64%"
"22.06.2018","6.078,90","6.200,40","6.300,00","6.050,10","169,90K","-1,96%"
"21.06.2018","6.200,40","6.413,90","6.420,00","6.175,00","288,48K","-3,33%"
"20.06.2018","6.413,90","6.471,40","6.580,00","6.407,00","176,11K","-0,89%"
"19.06.2018","6.471,40","6.573,00","6.684,00","6.440,00","1,80M","-1,55%"
"18.06.2018","6.573,00","6.655,10","6.733,00","6.560,00","117,75K","-1,23%"
"15.06.2018","6.655,10","6.724,00","6.710,00","6.651,00","1,07M","-1,02%"
"14.06.2018","6.724,00","6.662,80","6.738,00","6.650,00","312,14K","0,92%"
"13.06.2018","6.662,80","6.700,00","6.714,80","6.651,00","234,67K","-0,56%"
"12.06.2018","6.700,00","6.697,00","6.730,00","6.550,00","319,64K","0,04%"
"11.06.2018","6.697,00","6.700,90","6.790,00","6.640,00","134,79K","-0,06%"
"08.06.2018","6.700,90","6.723,40","6.799,90","6.615,10","219,18K","-0,33%"
"07.06.2018","6.723,40","6.738,50","6.900,00","6.660,00","166,14K","-0,22%"
"06.06.2018","6.738,50","6.711,40","6.840,00","6.711,00","177,85K","0,40%"
"05.06.2018","6.711,40","6.744,10","6.792,00","6.700,00","412,42K","-0,48%"
"04.06.2018","6.744,10","6.692,20","6.880,00","6.715,10","141,24K","0,78%"
"01.06.2018","6.692,20","6.749,60","6.975,00","6.685,00","412,85K","-0,85%"
"31.05.2018","6.749,60","6.733,20","6.880,00","6.666,00","529,99K","0,24%"
"30.05.2018","6.733,20","6.769,20","6.855,00","6.670,00","622,94K","-0,53%"
"29.05.2018","6.769,20","6.686,60","6.798,60","6.691,00","262,29K","1,24%"
"28.05.2018","6.686,60","6.650,20","6.782,00","6.651,00","121,71K","0,55%"
"25.05.2018","6.650,20","6.742,50","6.900,00","6.630,00","138,75K","-1,37%"
"24.05.2018","6.742,50","6.753,20","6.790,00","6.660,00","376,99K","-0,16%"
"23.05.2018","6.753,20","6.764,90","6.977,00","6.750,00","241,73K","-0,17%"
"22.05.2018","6.764,90","6.841,60","6.900,00","6.758,00","352,70K","-1,12%"
"18.05.2018","6.841,60","6.752,70","6.878,00","6.750,00","460,33K","1,32%"
"17.05.2018","6.752,70","6.770,70","6.770,00","6.722,00","234,27K","-0,27%"
"16.05.2018","6.770,70","6.820,30","6.890,00","6.735,00","111,11K","-0,73%"
"15.05.2018","6.820,30","6.679,90","6.899,00","6.620,10","277,83K","2,10%"
"14.05.2018","6.679,90","6.756,60","6.800,00","6.620,00","294,51K","-1,14%"
"11.05.2018","6.756,60","6.848,80","6.870,00","6.720,00","71,88K","-1,35%"
"10.05.2018","6.848,80","6.859,20","6.895,00","6.820,00","106,92K","-0,15%"
"09.05.2018","6.859,20","6.978,10","7.000,00","6.850,00","284,69K","-1,70%"
"08.05.2018","6.978,10","7.217,90","7.250,00","6.920,10","394,51K","-3,32%"
"07.05.2018","7.217,90","7.094,30","7.250,00","7.050,20","98,60K","1,74%"
"04.05.2018","7.094,30","7.190,20","7.225,00","7.050,00","86,86K","-1,33%"
"03.05.2018","7.190,20","7.283,70","7.250,10","7.160,00","238,34K","-1,28%"
"02.05.2018","7.283,70","7.241,60","7.340,00","7.132,00","152,28K","0,58%"
"30.04.2018","7.241,60","7.225,90","7.345,00","7.090,00","332,04K","0,22%"
"27.04.2018","7.225,90","7.220,50","7.262,00","7.150,00","506,11K","0,07%"
"26.04.2018","7.220,50","7.197,80","7.330,00","7.155,00","182,57K","0,32%"
"25.04.2018","7.197,80","7.314,50","7.299,60","7.159,90","137,74K","-1,60%"
"24.04.2018","7.314,50","7.309,30","7.330,00","7.300,00","60,93K","0,07%"
"23.04.2018","7.309,30","7.355,30","7.340,00","7.299,40","99,32K","-0,63%"
"20.04.2018","7.355,30","7.278,30","7.379,00","7.249,00","153,59K","1,06%"
"19.04.2018","7.278,30","7.188,90","7.343,00","7.131,00","105,40K","1,24%"
"18.04.2018","7.188,90","7.137,20","7.199,00","7.150,00","179,27K","0,72%"
"17.04.2018","7.137,20","7.150,30","7.180,00","7.100,00","119,18K","-0,18%"
"16.04.2018","7.150,30","7.141,00","7.183,90","7.141,00","56,02K","-0,01%"
"13.04.2018","7.150,90","7.147,80","7.166,00","7.120,10","133,50K","0,04%"
"12.04.2018","7.147,80","7.123,50","7.185,00","7.010,00","174,49K","0,34%"
"11.04.2018","7.123,50","7.097,60","7.186,00","7.096,90","89,83K","0,36%"
"10.04.2018","7.097,60","7.063,30","7.100,80","7.062,30","212,09K","0,49%"
"09.04.2018","7.063,30","7.153,00","7.101,00","6.850,00","249,64K","-1,25%"
"06.04.2018","7.153,00","7.123,40","7.188,00","7.069,50","59,13K","0,42%"
"05.04.2018","7.123,40","7.120,00","7.188,00","7.100,00","117,00K","0,05%"
"04.04.2018","7.120,00","7.153,60","7.180,00","7.102,10","86,78K","-0,47%"
"03.04.2018","7.153,60","6.952,70","7.190,00","6.952,70","166,72K","2,89%"
"02.04.2018","6.952,70","6.928,10","6.997,90","6.900,00","76,50K","0,36%"
"29.03.2018","6.928,10","6.799,00","7.000,00","6.751,00","135,17K","1,89%"
"28.03.2018","6.799,90","6.783,90","6.970,00","6.751,00","190,00K","0,24%"
"27.03.2018","6.783,90","6.760,10","6.898,00","6.750,00","68,76K","0,35%"
"26.03.2018","6.760,10","6.769,60","6.900,00","6.750,00","96,37K","-0,14%"
"23.03.2018","6.769,60","6.800,10","6.995,00","6.750,00","188,58K","-0,50%"
"22.03.2018","6.803,40","6.880,00","6.880,00","6.800,00","364,78K","-1,07%"
"21.03.2018","6.876,90","6.867,40","6.887,00","6.866,30","209,49K","0,14%"
"20.03.2018","6.867,40","6.833,10","6.890,00","6.800,00","312,46K","0,50%"
"19.03.2018","6.833,10","6.876,90","6.890,00","6.801,00","228,82K","-0,64%"
"16.03.2018","6.876,90","6.864,80","6.899,90","6.700,00","224,99K","0,18%"
"15.03.2018","6.864,80","6.921,70","6.950,00","6.835,00","192,22K","-0,82%"
"14.03.2018","6.921,70","6.987,40","7.000,00","6.780,00","263,15K","-0,94%"
"13.03.2018","6.987,40","7.130,80","7.135,00","6.945,30","154,66K","-2,01%"
"12.03.2018","7.130,80","7.097,70","7.170,00","7.000,00","115,71K","0,47%"
"09.03.2018","7.097,70","7.109,30","7.145,00","7.000,00","220,72K","-0,16%"
"08.03.2018","7.109,30","7.099,80","7.170,00","7.060,00","767,90K","0,13%"
"07.03.2018","7.099,80","7.087,40","7.110,10","6.915,00","78,47K","0,17%"
"06.03.2018","7.087,40","7.230,30","7.212,00","6.951,00","85,26K","-1,98%"
"05.03.2018","7.230,30","7.202,40","7.300,00","7.055,00","81,39K","0,39%"
"02.03.2018","7.202,40","6.959,80","7.349,90","6.752,00","140,38K","3,49%"
"01.03.2018","6.959,80","7.050,10","7.050,10","6.912,00","139,99K","-1,28%"
"28.02.2018","7.050,10","7.114,70","7.143,00","6.901,00","351,75K","-0,91%"
"27.02.2018","7.114,70","7.217,70","7.217,70","7.010,00","150,87K","-1,43%"
"26.02.2018","7.217,70","7.343,00","7.470,00","7.100,10","62,65K","-1,71%"
"23.02.2018","7.343,00","7.262,20","7.400,00","7.180,00","52,09K","1,11%"
"22.02.2018","7.262,20","7.423,60","7.300,00","7.150,00","253,29K","-2,17%"
"21.02.2018","7.423,60","7.157,50","7.598,00","7.080,00","172,83K","3,72%"
"20.02.2018","7.157,50","7.002,40","7.230,00","6.900,00","250,36K","2,21%"
"19.02.2018","7.002,40","6.852,00","7.040,00","6.750,00","14,96K","2,19%"
"16.02.2018","6.852,00","6.916,60","6.916,80","6.810,00","117,51K","-0,93%"
"15.02.2018","6.916,60","6.816,90","6.950,00","6.806,00","244,73K","1,46%"
"14.02.2018","6.816,90","6.850,00","6.950,00","6.800,00","510,44K","-0,57%"
"13.02.2018","6.856,20","6.850,10","6.999,00","6.850,00","60,05K","0,09%"
"12.02.2018","6.850,10","6.858,70","7.029,70","6.850,00","342,09K","-0,13%"
"09.02.2018","6.858,70","7.073,50","7.100,00","6.832,80","160,90K","-3,04%"
"08.02.2018","7.073,50","7.199,50","7.199,00","7.070,00","195,75K","-1,75%"
"07.02.2018","7.199,50","7.045,80","7.200,20","7.045,80","376,02K","2,18%"
"06.02.2018","7.045,80","7.119,40","7.199,00","6.860,00","261,55K","-1,03%"
"05.02.2018","7.119,40","7.297,10","7.380,00","7.070,00","160,43K","-2,44%"
"02.02.2018","7.297,10","7.275,00","7.379,80","7.215,00","156,59K","0,30%"
"01.02.2018","7.275,00","7.300,00","7.300,00","7.180,00","363,88K","0,73%"
"31.01.2018","7.222,20","7.388,00","7.383,70","7.202,00","228,87K","-2,24%"
"30.01.2018","7.388,00","7.364,60","7.399,80","7.231,10","131,81K","0,32%"
"29.01.2018","7.364,60","7.322,70","7.394,90","7.220,10","236,11K","0,57%"
"26.01.2018","7.322,70","7.184,30","7.347,90","7.184,30","70,34K","1,93%"
"25.01.2018","7.184,30","7.240,50","7.350,00","7.155,10","139,18K","-0,78%"
"24.01.2018","7.240,50","7.297,40","7.280,00","7.160,00","99,51K","-0,78%"
"23.01.2018","7.297,40","7.299,10","7.350,00","7.280,00","395,85K","-0,02%"
"22.01.2018","7.299,10","7.357,90","7.380,00","7.298,90","264,93K","-0,80%"
"19.01.2018","7.357,90","7.340,00","7.395,00","7.300,00","125,08K","0,19%"
"18.01.2018","7.343,80","7.225,50","7.350,00","7.100,00","318,28K","1,64%"
"17.01.2018","7.225,50","7.100,00","7.290,00","7.100,00","214,54K","1,77%"
"15.01.2018","7.100,00","7.130,00","7.140,00","7.090,00","241,82K","0,25%"
"12.01.2018","7.082,00","7.047,30","7.150,00","6.915,10","149,31K","0,49%"
"11.01.2018","7.047,30","7.079,60","7.054,00","7.000,10","191,14K","-0,46%"
"10.01.2018","7.079,60","7.095,70","7.140,00","7.005,00","142,98K","-0,23%"
"09.01.2018","7.095,70","7.156,90","7.180,00","7.016,00","512,76K","-0,86%"
"08.01.2018","7.156,90","7.258,30","7.300,10","7.150,00","198,74K","-1,40%"
"05.01.2018","7.258,30","7.237,70","7.280,00","7.150,00","179,13K","0,28%"
"04.01.2018","7.237,70","6.934,90","7.247,00","6.930,00","496,95K","4,37%"
"03.01.2018","6.934,90","6.938,40","6.950,00","6.859,90","126,65K","-0,05%"
"02.01.2018","6.938,40","6.913,30","6.998,70","6.900,00","198,27K","0,36%"
"29.12.2017","6.913,30","6.900,00","6.920,00","6.900,00","100,06K","-0,14%"
"28.12.2017","6.922,70","6.892,90","6.940,00","6.900,00","172,40K","0,43%"
"27.12.2017","6.892,90","6.855,00","6.950,00","6.850,00","95,58K","0,55%"
"26.12.2017","6.855,00","6.950,00","6.950,20","6.849,00","82,83K","-0,65%"
"22.12.2017","6.900,00","6.661,00","6.900,00","6.663,00","149,13K","3,59%"
"21.12.2017","6.661,00","6.802,10","6.975,00","6.651,00","252,18K","-2,07%"
"20.12.2017","6.802,10","6.944,10","7.000,00","6.760,00","247,08K","-2,04%"
"19.12.2017","6.944,10","6.998,70","7.340,00","6.900,00","344,04K","-0,78%"
"18.12.2017","6.998,70","6.625,80","7.500,00","6.595,00","1,26M","5,63%"
"15.12.2017","6.625,80","6.523,90","6.900,00","6.490,00","601,55K","1,56%"
"14.12.2017","6.523,90","6.498,20","6.545,00","6.380,00","168,56K","0,40%"
"13.12.2017","6.498,20","6.322,50","6.574,00","6.300,00","230,86K","2,78%"
"12.12.2017","6.322,50","6.291,80","6.360,00","6.285,00","96,44K","0,49%"
"11.12.2017","6.291,80","6.159,50","6.450,00","6.159,80","151,09K","2,15%"
"07.12.2017","6.159,50","6.081,10","6.230,00","5.950,00","241,09K","1,29%"
"06.12.2017","6.081,10","6.099,80","6.500,00","6.000,00","179,98K","-0,31%"
"05.12.2017","6.099,80","6.208,40","6.200,00","6.002,00","113,44K","-1,75%"
"04.12.2017","6.208,40","6.198,70","6.290,00","6.122,00","160,81K","0,16%"
"01.12.2017","6.198,70","6.257,90","6.299,90","6.122,00","77,19K","-0,95%"
"30.11.2017","6.257,90","6.385,50","6.400,00","6.110,00","665,19K","-2,00%"
"29.11.2017","6.385,50","6.224,30","6.400,00","6.270,00","255,52K","2,59%"
"28.11.2017","6.224,30","6.273,40","6.300,00","6.150,10","130,50K","-0,78%"
"27.11.2017","6.273,40","6.287,80","6.435,90","6.200,00","156,57K","-0,23%"
"24.11.2017","6.287,80","6.237,20","6.450,00","6.199,00","155,71K","0,81%"
"23.11.2017","6.237,20","6.282,00","6.499,80","6.150,00","94,61K","-0,71%"
"22.11.2017","6.282,00","6.470,90","6.599,00","6.225,00","111,49K","-2,92%"
"21.11.2017","6.470,90","6.215,40","6.699,00","6.221,10","309,58K","4,11%"
"20.11.2017","6.215,40","6.702,90","6.600,00","6.195,00","251,45K","-7,27%"
"17.11.2017","6.702,90","6.660,10","6.745,90","6.670,00","156,01K","0,64%"
"16.11.2017","6.660,10","6.652,00","6.750,00","6.650,00","208,49K","0,12%"
"15.11.2017","6.652,00","6.732,10","6.799,90","6.601,00","248,52K","-1,19%"
"14.11.2017","6.732,10","6.904,60","6.999,00","6.701,00","149,74K","-2,50%"
"13.11.2017","6.904,60","7.032,40","7.000,00","6.900,00","165,62K","-1,82%"
"10.11.2017","7.032,40","7.027,60","7.055,00","7.015,00","88,74K","0,07%"
"09.11.2017","7.027,60","7.056,70","7.110,00","7.000,00","82,82K","-0,41%"
"08.11.2017","7.056,70","7.184,10","7.184,10","7.027,00","93,93K","-1,77%"
"07.11.2017","7.184,10","7.347,10","7.400,00","7.135,00","148,25K","-2,22%"
"06.11.2017","7.347,10","7.208,10","7.370,00","7.108,00","456,01K","1,93%"
"03.11.2017","7.208,10","7.300,00","7.300,00","7.100,10","133,08K","-1,31%"
"02.11.2017","7.303,80","7.397,60","7.350,00","7.250,00","194,49K","-1,27%"
"31.10.2017","7.397,60","7.250,00","7.399,00","7.160,00","280,41K","2,02%"
"30.10.2017","7.251,20","7.030,60","7.280,00","7.089,80","273,39K","3,14%"
"26.10.2017","7.030,60","7.008,00","7.099,00","7.005,00","109,61K","0,32%"
"25.10.2017","7.008,00","7.024,00","7.100,00","7.000,00","242,69K","-0,32%"
"24.10.2017","7.030,20","7.064,60","7.070,00","7.020,00","294,73K","-0,49%"
"23.10.2017","7.064,60","7.096,40","7.099,90","7.050,00","319,34K","-0,45%"
"20.10.2017","7.096,40","7.049,10","7.199,80","7.000,00","86,03K","0,67%"
"19.10.2017","7.049,10","7.060,00","7.080,50","6.969,90","268,83K","0,40%"
"18.10.2017","7.021,20","7.027,20","7.100,00","7.020,00","54,80K","-0,09%"
"17.10.2017","7.027,20","7.102,90","7.150,00","7.005,00","352,25K","-1,07%"
"16.10.2017","7.102,90","7.063,10","7.224,50","7.066,10","209,41K","0,56%"
"13.10.2017","7.063,10","7.120,00","7.250,00","7.005,00","293,99K","-0,81%"
"12.10.2017","7.120,70","7.200,00","7.350,00","7.100,00","438,37K","-2,23%"
"11.10.2017","7.283,10","7.120,90","7.295,00","7.125,00","503,70K","2,28%"
"10.10.2017","7.120,90","7.039,00","7.144,00","7.022,00","293,29K","1,16%"
"06.10.2017","7.039,40","6.869,90","7.070,00","6.750,00","258,16K","2,47%"
"05.10.2017","6.869,90","6.790,00","6.898,00","6.670,00","121,86K","1,29%"
"04.10.2017","6.782,30","6.660,00","6.800,00","6.625,10","429,24K","1,84%"
"03.10.2017","6.660,00","6.677,70","6.674,80","6.626,00","313,83K","-0,27%"
"02.10.2017","6.677,70","6.700,00","6.702,00","6.621,00","179,75K","0,87%"
"29.09.2017","6.619,80","6.549,60","6.680,00","6.600,00","989,17K","1,07%"
"28.09.2017","6.549,60","6.570,40","6.725,00","6.530,00","239,17K","-0,32%"
"27.09.2017","6.570,40","6.601,70","6.696,00","6.500,00","155,27K","-0,47%"
"26.09.2017","6.601,70","6.730,00","6.730,00","6.500,00","397,35K","-1,34%"
"25.09.2017","6.691,50","6.633,90","6.757,00","6.530,00","95,73K","0,87%"
"22.09.2017","6.633,90","6.680,00","6.774,30","6.630,00","171,59K","-0,44%"
"21.09.2017","6.663,10","6.584,10","6.677,40","6.549,80","219,37K","1,20%"
"20.09.2017","6.584,10","6.610,00","6.610,00","6.500,00","280,41K","0,73%"
"15.09.2017","6.536,10","6.472,20","6.610,00","6.478,20","870,84K","0,99%"
"14.09.2017","6.472,20","6.391,10","6.590,00","6.400,00","124,67K","1,27%"
"13.09.2017","6.391,10","6.389,90","6.440,00","6.300,00","119,51K","0,02%"
"12.09.2017","6.389,90","6.399,80","6.400,00","6.368,00","231,51K","0,24%"
"11.09.2017","6.374,40","6.410,50","6.474,90","6.350,00","107,75K","-0,56%"
"08.09.2017","6.410,50","6.483,50","6.650,00","6.410,00","516,26K","-1,13%"
"07.09.2017","6.483,50","6.465,20","6.525,00","6.450,10","1,09M","0,28%"
"06.09.2017","6.465,20","6.608,30","6.630,00","6.425,00","366,81K","-2,17%"
"05.09.2017","6.608,30","6.562,70","6.649,90","6.562,00","166,81K","0,69%"
"04.09.2017","6.562,70","6.554,60","6.690,00","6.554,00","120,42K","0,12%"
"01.09.2017","6.554,60","6.566,20","6.650,00","6.498,00","150,45K","-0,18%"
"31.08.2017","6.566,20","6.636,00","6.780,00","6.518,00","243,06K","-1,05%"
"30.08.2017","6.636,00","6.683,30","6.690,00","6.600,00","241,88K","-0,71%"
"29.08.2017","6.683,30","6.646,90","6.700,00","6.420,00","194,37K","0,55%"
"28.08.2017","6.646,90","6.679,70","6.750,00","6.602,00","410,44K","-0,49%"
"25.08.2017","6.679,70","6.530,00","6.679,90","6.530,00","104,31K","2,23%"
"24.08.2017","6.533,90","6.587,80","6.585,00","6.530,50","100,42K","-0,82%"
"23.08.2017","6.587,80","6.590,50","6.614,00","6.565,00","93,86K","-0,04%"
"22.08.2017","6.590,50","6.541,90","6.617,00","6.542,00","191,96K","0,74%"
"21.08.2017","6.541,90","6.609,00","6.674,80","6.530,00","186,11K","-0,99%"
"18.08.2017","6.607,40","6.665,60","6.666,00","6.512,00","216,52K","-0,87%"
"17.08.2017","6.665,60","6.721,90","6.815,00","6.650,00","251,05K","-0,84%"
"16.08.2017","6.721,90","6.735,80","6.804,80","6.700,40","148,12K","-0,21%"
"14.08.2017","6.735,80","6.807,40","6.805,10","6.660,00","100,20K","-1,05%"
"11.08.2017","6.807,40","6.860,10","6.865,10","6.800,00","175,34K","-0,77%"
"10.08.2017","6.860,10","6.826,00","6.891,00","6.820,10","214,23K","0,41%"
"09.08.2017","6.832,00","6.897,00","6.891,00","6.816,00","797,46K","-0,94%"
"08.08.2017","6.897,00","7.114,00","7.101,00","6.850,00","266,19K","-3,05%"
"07.08.2017","7.114,00","7.124,70","7.118,00","7.010,00","83,81K","-0,15%"
"04.08.2017","7.124,70","7.148,70","7.149,60","7.115,00","56,19K","-0,34%"
"03.08.2017","7.148,70","7.188,20","7.216,00","7.115,00","171,02K","-0,55%"
"02.08.2017","7.188,20","7.187,60","7.348,00","7.170,00","304,69K","0,01%"
"01.08.2017","7.187,60","7.294,70","7.300,00","7.151,00","110,36K","-1,47%"
"31.07.2017","7.294,70","7.409,10","7.409,10","7.250,00","312,79K","-1,54%"
"28.07.2017","7.409,10","7.345,70","7.475,00","7.345,70","172,02K","0,86%"
"27.07.2017","7.345,70","7.407,70","7.420,00","7.280,00","536,83K","-0,84%"
"26.07.2017","7.407,70","7.499,00","7.499,00","7.370,00","228,04K","-0,52%"
"25.07.2017","7.446,40","7.387,80","7.490,00","7.380,00","267,70K","0,79%"
"24.07.2017","7.387,80","7.375,00","7.490,00","7.290,00","113,67K","0,51%"
"21.07.2017","7.350,20","7.489,90","7.490,00","7.301,00","140,47K","-1,87%"
"20.07.2017","7.489,90","7.398,20","7.570,00","7.412,00","291,46K","1,24%"
"19.07.2017","7.398,20","7.411,60","7.404,20","7.361,00","239,35K","-0,18%"
"18.07.2017","7.411,60","7.425,00","7.449,00","7.315,10","181,30K","-0,33%"
"17.07.2017","7.435,90","7.275,70","7.487,00","7.270,00","206,91K","2,20%"
"14.07.2017","7.275,70","7.225,90","7.350,00","7.242,30","186,19K","0,69%"
"13.07.2017","7.225,90","7.203,50","7.288,00","7.200,00","232,46K","0,31%"
"12.07.2017","7.203,50","7.167,00","7.237,70","7.152,00","370,53K","0,51%"
"11.07.2017","7.167,00","7.255,50","7.256,00","7.122,00","242,95K","-1,22%"
"10.07.2017","7.255,50","7.254,70","7.280,00","7.250,00","134,64K","0,01%"
"07.07.2017","7.254,70","7.180,00","7.269,80","7.180,00","190,01K","1,04%"
"06.07.2017","7.180,00","7.280,50","7.283,00","7.135,00","112,91K","-1,38%"
"05.07.2017","7.280,50","7.270,00","7.299,00","7.250,00","195,67K","0,14%"
"04.07.2017","7.270,00","7.287,80","7.300,00","7.239,90","65,39K","-0,24%"
"03.07.2017","7.287,80","7.235,30","7.300,00","7.235,40","190,73K","0,73%"
"30.06.2017","7.235,30","7.217,30","7.300,00","7.217,00","87,18K","0,25%"
"29.06.2017","7.217,30","7.225,20","7.249,30","7.210,00","92,05K","-0,11%"
"28.06.2017","7.225,20","7.310,00","7.300,00","7.200,00","446,73K","-1,16%"
"27.06.2017","7.310,00","7.343,10","7.370,00","7.281,00","103,71K","-0,45%"
"23.06.2017","7.343,10","7.355,50","7.485,00","7.301,00","142,43K","-0,17%"
"22.06.2017","7.355,50","7.287,20","7.415,00","7.287,20","159,86K","0,94%"
"21.06.2017","7.287,20","7.437,50","7.405,00","7.110,00","249,12K","-2,02%"
"20.06.2017","7.437,50","7.458,30","7.500,00","7.400,00","309,47K","-0,28%"
"19.06.2017","7.458,30","7.465,00","7.519,70","7.400,00","90,85K","-0,78%"
"16.06.2017","7.517,20","7.453,40","7.600,00","7.435,90","838,30K","0,86%"
"15.06.2017","7.453,40","7.548,30","7.548,30","7.410,00","56,32K","-1,26%"
"14.06.2017","7.548,30","7.567,40","7.566,20","7.489,00","719,28K","-0,25%"
"13.06.2017","7.567,40","7.554,70","7.640,00","7.505,00","110,08K","0,17%"
"12.06.2017","7.554,70","7.468,60","7.600,00","7.468,60","189,58K","1,15%"
"09.06.2017","7.468,60","7.526,90","7.598,00","7.450,00","125,27K","-0,77%"
"08.06.2017","7.526,90","7.596,30","7.600,00","7.504,90","129,22K","-0,91%"
"07.06.2017","7.596,30","7.643,70","7.643,50","7.590,00","116,35K","-0,62%"
"06.06.2017","7.643,70","7.590,00","7.648,90","7.590,00","131,11K","0,71%"
"05.06.2017","7.590,00","7.639,60","7.648,90","7.589,90","74,87K","-0,65%"
"02.06.2017","7.639,60","7.546,60","7.650,10","7.500,10","192,10K","1,23%"
"01.06.2017","7.546,60","7.493,30","7.589,90","7.320,00","147,29K","0,71%"
"31.05.2017","7.493,30","7.432,00","7.550,00","7.406,00","445,30K","0,82%"
"30.05.2017","7.432,00","7.492,10","7.500,00","7.430,00","257,63K","-0,80%"
"29.05.2017","7.492,10","7.469,10","7.499,60","7.450,00","38,07K","0,31%"
"26.05.2017","7.469,10","7.499,60","7.500,00","7.421,00","78,11K","-0,41%"
"25.05.2017","7.499,60","7.536,50","7.540,00","7.456,00","136,97K","-0,49%"
"24.05.2017","7.536,50","7.464,90","7.595,00","7.457,80","167,22K","0,96%"
"23.05.2017","7.464,90","7.515,50","7.530,00","7.320,00","420,22K","-0,67%"
"22.05.2017","7.515,50","7.653,10","7.650,00","7.515,00","104,71K","-1,80%"
"19.05.2017","7.653,10","7.628,40","7.687,00","7.610,00","59,80K","0,32%"
"18.05.2017","7.628,40","7.638,40","7.690,00","7.600,00","269,82K","-0,13%"
"17.05.2017","7.638,40","7.620,80","7.653,00","7.525,00","281,42K","0,23%"
"16.05.2017","7.620,80","7.621,00","7.677,00","7.586,00","233,68K","-0,00%"
"15.05.2017","7.621,00","7.649,70","7.665,00","7.590,00","326,30K","-0,38%"
"12.05.2017","7.649,70","7.600,80","7.682,00","7.600,00","180,50K","0,64%"
"11.05.2017","7.600,80","7.600,00","7.698,00","7.571,00","334,00K","0,01%"
"10.05.2017","7.600,00","7.677,50","7.897,90","7.513,00","1,13M","-1,01%"
"09.05.2017","7.677,50","7.976,00","8.000,00","7.630,00","455,27K","-3,75%"
"08.05.2017","7.976,60","8.055,90","8.110,00","7.966,00","152,01K","-0,98%"
"05.05.2017","8.055,90","8.064,70","8.140,00","8.000,10","94,18K","-0,11%"
"04.05.2017","8.064,70","8.138,00","8.148,70","8.001,20","210,07K","-0,90%"
"03.05.2017","8.138,00","8.150,20","8.163,00","7.925,00","169,51K","-0,15%"
"02.05.2017","8.150,20","8.010,60","8.168,20","8.010,00","181,52K","1,74%"
"28.04.2017","8.010,60","8.036,30","8.139,90","8.000,00","144,79K","-0,32%"
"27.04.2017","8.036,30","8.243,10","8.239,90","7.974,10","126,33K","-2,51%"
"26.04.2017","8.243,10","8.172,10","8.290,00","8.146,90","132,12K","0,87%"
"25.04.2017","8.172,10","8.114,70","8.230,00","8.115,00","151,42K","0,71%"
"24.04.2017","8.114,70","8.123,20","8.292,90","8.060,10","153,78K","-0,10%"
"21.04.2017","8.123,20","8.127,80","8.159,00","8.005,00","188,18K","-0,06%"
"20.04.2017","8.127,80","8.185,50","8.215,00","8.100,00","308,97K","-0,70%"
"18.04.2017","8.185,50","8.313,50","8.300,00","8.106,10","217,15K","-1,54%"
"17.04.2017","8.313,50","8.223,60","8.382,00","8.223,60","119,01K","1,09%"
"13.04.2017","8.223,60","8.300,40","8.299,00","8.106,10","46,18K","-0,93%"
"12.04.2017","8.300,40","8.180,10","8.370,00","8.025,00","470,50K","1,47%"
"11.04.2017","8.180,10","8.156,70","8.240,00","7.981,00","265,28K","0,29%"
"10.04.2017","8.156,70","8.101,50","8.200,00","8.100,00","117,33K","0,68%"
"07.04.2017","8.101,50","8.200,20","8.238,90","8.060,00","111,55K","-1,20%"
"06.04.2017","8.200,20","8.196,00","8.238,90","8.130,40","83,26K","0,05%"
"05.04.2017","8.196,00","8.123,70","8.200,00","8.120,00","627,94K","0,89%"
"04.04.2017","8.123,70","8.061,30","8.200,00","7.962,00","156,43K","0,77%"
"03.04.2017","8.061,30","7.976,20","8.085,90","7.910,10","171,74K","1,07%"
"31.03.2017","7.976,20","8.068,20","8.050,00","7.905,10","244,88K","-1,14%"
"30.03.2017","8.068,20","8.135,40","8.135,00","8.000,00","127,12K","-0,83%"
"29.03.2017","8.135,40","8.268,20","8.268,20","8.130,00","485,72K","-1,61%"
"28.03.2017","8.268,20","8.027,20","8.350,00","8.038,00","304,01K","3,00%"
"27.03.2017","8.027,20","8.215,50","8.120,00","8.005,00","225,49K","-2,29%"
"24.03.2017","8.215,50","8.204,90","8.295,00","8.105,10","538,30K","0,13%"
"23.03.2017","8.204,90","8.013,90","8.350,00","8.049,90","254,14K","2,38%"
"22.03.2017","8.013,90","8.098,00","8.097,80","7.951,00","259,93K","-1,04%"
"21.03.2017","8.098,00","8.097,30","8.149,90","7.910,50","349,74K","0,01%"
"20.03.2017","8.097,30","7.979,10","8.150,00","7.979,10","572,22K","0,79%"
"17.03.2017","8.033,50","7.838,70","8.099,00","7.785,00","576,80K","2,49%"
"16.03.2017","7.838,70","7.794,70","7.995,00","7.790,00","661,24K","0,56%"
"15.03.2017","7.794,70","7.649,20","7.800,00","7.600,00","203,25K","1,90%"
"14.03.2017","7.649,20","7.848,00","7.848,00","7.459,00","317,39K","0,80%"
"13.03.2017","7.588,30","7.462,30","7.750,00","7.500,00","254,75K","1,69%"
"10.03.2017","7.462,30","7.507,40","7.511,00","7.405,00","154,51K","-0,60%"
"09.03.2017","7.507,40","7.452,80","7.705,00","7.375,00","148,82K","0,73%"
"08.03.2017","7.452,80","7.459,60","7.455,00","7.311,40","71,33K","-0,09%"
"07.03.2017","7.459,60","7.493,60","7.500,00","7.300,10","115,17K","-0,45%"
"06.03.2017","7.493,60","7.495,10","7.500,10","7.286,00","102,80K","-0,02%"
"03.03.2017","7.495,10","7.295,00","7.530,00","7.284,00","63,91K","3,41%"
"02.03.2017","7.248,10","7.173,80","7.250,00","7.200,00","111,58K","1,04%"
"01.03.2017","7.173,80","7.224,00","7.224,00","7.105,40","112,81K","-0,69%"
"28.02.2017","7.224,00","7.256,80","7.250,00","7.151,20","199,07K","-0,45%"
"27.02.2017","7.256,80","7.240,60","7.295,00","7.225,00","26,03K","0,22%"
"24.02.2017","7.240,60","7.232,50","7.260,00","7.115,00","41,75K","0,11%"
"23.02.2017","7.232,50","7.369,00","7.325,00","7.183,00","254,90K","-1,85%"
"22.02.2017","7.369,00","7.300,00","7.380,00","7.320,00","97,44K","0,95%"
"21.02.2017","7.300,00","7.300,40","7.320,00","7.250,00","372,67K","-0,01%"
"20.02.2017","7.300,40","7.294,20","7.348,00","7.290,00","42,35K","0,08%"
"17.02.2017","7.294,20","7.364,80","7.349,90","7.250,10","71,54K","-0,96%"
"16.02.2017","7.364,80","7.333,00","7.388,50","7.251,00","224,08K","0,43%"
"15.02.2017","7.333,00","7.272,20","7.345,10","7.200,00","104,45K","0,84%"
"14.02.2017","7.272,20","7.392,10","7.390,00","7.152,50","182,44K","-1,62%"
"13.02.2017","7.392,10","7.299,20","7.399,00","7.250,00","115,11K","1,27%"
"10.02.2017","7.299,20","7.115,70","7.300,00","7.113,00","120,96K","2,58%"
"09.02.2017","7.115,70","7.067,40","7.150,00","7.040,00","266,71K","0,68%"
"08.02.2017","7.067,40","6.991,00","7.100,00","6.991,00","111,74K","1,09%"
"07.02.2017","6.991,00","7.048,00","7.048,00","6.970,00","389,96K","-0,81%"
"06.02.2017","7.048,00","7.103,80","7.100,00","7.010,00","101,65K","-0,79%"
"03.02.2017","7.103,80","7.010,40","7.180,00","7.020,00","199,76K","1,33%"
"02.02.2017","7.010,40","7.027,40","7.289,70","6.900,00","270,05K","-0,24%"
"01.02.2017","7.027,40","7.021,60","7.100,00","7.010,00","188,79K","0,08%"
"31.01.2017","7.021,60","7.046,60","7.120,00","6.951,00","283,78K","-0,35%"
"30.01.2017","7.046,60","7.104,70","7.120,00","7.001,00","183,92K","-0,82%"
"27.01.2017","7.104,70","7.194,20","7.200,00","7.100,00","96,43K","-1,24%"
"26.01.2017","7.194,20","7.250,00","7.325,00","7.190,00","338,51K","-0,11%"
"25.01.2017","7.201,80","7.100,60","7.249,00","7.100,00","141,30K","1,43%"
"24.01.2017","7.100,60","7.138,10","7.290,00","7.080,00","137,36K","-0,53%"
"23.01.2017","7.138,10","7.121,40","7.150,00","7.125,00","136,25K","0,23%"
"20.01.2017","7.121,40","7.224,10","7.225,00","7.100,10","314,36K","-1,42%"
"19.01.2017","7.224,10","7.233,80","7.233,00","7.208,00","66,78K","-0,13%"
"18.01.2017","7.233,80","7.148,70","7.275,00","7.148,70","194,82K","1,19%"
"17.01.2017","7.148,70","7.035,30","7.175,00","7.035,00","3,62M","1,61%"
"16.01.2017","7.035,30","7.091,00","7.074,90","7.020,00","22,71K","-0,79%"
"13.01.2017","7.091,00","7.153,50","7.200,00","7.075,00","491,68K","-0,87%"
"12.01.2017","7.153,50","7.081,90","7.200,00","7.050,00","201,94K","1,01%"
"11.01.2017","7.081,90","7.034,40","7.090,00","6.999,80","1,35M","0,68%"
"10.01.2017","7.034,40","7.005,20","7.089,00","6.950,00","147,44K","0,42%"
"09.01.2017","7.005,20","7.004,70","7.090,00","6.925,00","199,15K","0,01%"
"06.01.2017","7.004,70","6.990,40","7.030,00","6.930,00","92,94K","0,20%"
"05.01.2017","6.990,40","7.014,90","7.030,00","6.870,00","92,82K","-0,35%"
"04.01.2017","7.014,90","7.006,80","7.078,00","6.962,00","540,45K","0,12%"
"03.01.2017","7.006,80","7.106,90","7.150,00","6.965,00","47,51K","-1,41%"
"30.12.2016","7.106,90","7.103,10","7.145,00","7.070,00","80,60K","0,05%"
"29.12.2016","7.103,10","7.100,00","7.150,00","7.050,00","123,93K","0,04%"
"28.12.2016","7.100,00","6.965,00","7.149,90","6.970,00","422,15K","1,94%"
"27.12.2016","6.965,00","7.000,00","7.000,00","6.950,00","272,06K","-0,50%"
"26.12.2016","7.000,00","6.761,30","7.000,00","6.761,30","176,71K","3,53%"
"23.12.2016","6.761,30","6.858,70","6.850,00","6.735,00","24,71K","-1,42%"
"22.12.2016","6.858,70","6.934,10","6.943,10","6.825,00","249,07K","-1,09%"
"21.12.2016","6.934,10","7.041,20","7.166,00","6.900,00","165,70K","-1,52%"
"20.12.2016","7.041,20","7.091,20","7.139,00","7.000,10","199,93K","-0,71%"
"19.12.2016","7.091,20","7.077,30","7.200,00","7.048,00","84,89K","0,20%"
"16.12.2016","7.077,30","7.154,40","7.200,00","7.035,10","425,68K","-1,08%"
"15.12.2016","7.154,40","7.167,80","7.167,80","7.111,00","69,23K","-0,19%"
"14.12.2016","7.167,80","7.234,90","7.200,00","7.140,00","121,49K","-0,93%"
"13.12.2016","7.234,90","7.199,60","7.295,00","7.109,90","689,32K","0,49%"
"12.12.2016","7.199,60","7.190,90","7.299,00","7.139,00","87,51K","0,12%"
"09.12.2016","7.190,90","7.158,10","7.299,00","7.158,00","247,29K","0,46%"
"07.12.2016","7.158,10","7.125,40","7.299,30","7.125,90","230,25K","0,46%"
"06.12.2016","7.125,40","7.126,10","7.150,00","7.105,00","49,79K","-0,01%"
"05.12.2016","7.126,10","7.149,30","7.150,80","7.100,10","1,35M","-0,32%"
"02.12.2016","7.149,30","7.145,60","7.200,00","7.085,00","2,18M","0,05%"
"01.12.2016","7.145,60","7.162,10","7.250,00","7.102,00","637,63K","-0,23%"
"30.11.2016","7.162,10","7.108,70","7.440,00","7.055,00","349,17K","0,75%"
"29.11.2016","7.108,70","7.154,80","7.198,50","7.012,30","79,21K","-0,64%"
"28.11.2016","7.154,80","7.155,60","7.199,90","7.100,00","686,92K","-0,01%"
"25.11.2016","7.155,60","7.132,30","7.235,00","7.130,00","34,90K","0,33%"
"24.11.2016","7.132,30","7.263,70","7.250,00","7.100,00","37,22K","-1,81%"
"23.11.2016","7.263,70","7.211,10","7.278,00","7.200,00","395,91K","0,73%"
"22.11.2016","7.211,10","7.153,60","7.296,00","7.154,00","147,33K","0,80%"
"21.11.2016","7.153,60","7.068,80","7.200,10","6.845,00","154,96K","1,20%"
"18.11.2016","7.068,80","6.991,10","7.149,00","6.910,20","137,82K","1,11%"
"17.11.2016","6.991,10","7.009,50","6.999,00","6.901,00","152,03K","-0,26%"
"16.11.2016","7.009,50","6.994,60","7.099,00","6.900,30","240,86K","0,21%"
"15.11.2016","6.994,60","6.827,20","7.148,80","6.823,50","374,60K","2,45%"
"14.11.2016","6.827,20","6.886,00","6.900,00","6.802,00","245,13K","-0,85%"
"11.11.2016","6.886,00","6.999,00","6.999,00","6.850,00","265,25K","-1,61%"
"10.11.2016","6.999,00","7.071,80","7.210,00","6.910,30","414,74K","-1,03%"
"09.11.2016","7.071,80","6.896,70","7.199,00","6.680,00","367,40K","2,54%"
"08.11.2016","6.896,70","6.688,50","6.998,00","6.750,00","413,65K","3,11%"
"07.11.2016","6.688,50","6.643,80","6.788,90","6.656,30","178,47K","0,67%"
"04.11.2016","6.643,80","6.652,40","6.737,00","6.530,00","197,62K","-0,13%"
"03.11.2016","6.652,40","6.797,00","6.787,30","6.625,00","116,97K","-2,13%"
"02.11.2016","6.797,00","7.005,00","6.950,00","6.750,20","227,81K","-2,97%"
"28.10.2016","7.005,00","7.015,30","7.039,80","6.710,00","97,82K","-0,15%"
"27.10.2016","7.015,30","6.934,60","7.030,00","6.934,60","230,63K","1,16%"
"26.10.2016","6.934,60","6.995,20","7.000,00","6.800,00","251,91K","-0,87%"
"25.10.2016","6.995,20","6.983,80","7.050,00","6.927,00","175,23K","0,16%"
"24.10.2016","6.983,80","6.949,60","7.050,00","6.949,90","219,80K","0,49%"
"21.10.2016","6.949,60","6.823,20","6.960,00","6.823,20","306,34K","1,85%"
"20.10.2016","6.823,20","6.917,30","6.975,00","6.800,00","359,61K","-1,36%"
"19.10.2016","6.917,30","6.758,10","6.990,00","6.710,00","278,98K","2,36%"
"18.10.2016","6.758,10","6.637,30","6.780,00","6.637,30","617,47K","1,82%"
"17.10.2016","6.637,30","6.665,80","6.668,10","6.517,00","170,07K","-0,43%"
"14.10.2016","6.665,80","6.577,00","6.749,90","6.545,00","134,83K","1,35%"
"13.10.2016","6.577,00","6.509,50","6.589,90","6.450,00","326,07K","1,03%"
"12.10.2016","6.510,00","6.483,60","6.510,00","6.450,00","195,05K","0,41%"
"11.10.2016","6.483,60","6.400,40","6.492,00","6.401,00","159,56K","1,30%"
"07.10.2016","6.400,40","6.368,80","6.495,00","6.375,10","202,28K","0,50%"
"06.10.2016","6.368,80","6.399,90","6.438,00","6.352,10","506,61K","-0,49%"
"05.10.2016","6.399,90","6.418,60","6.428,80","6.390,00","372,87K","-0,29%"
"04.10.2016","6.418,60","6.454,70","6.454,70","6.390,10","726,54K","-0,56%"
"03.10.2016","6.454,70","6.431,10","6.460,00","6.445,00","28,25K","0,37%"
"30.09.2016","6.431,10","6.500,50","6.498,70","6.360,20","95,06K","-1,07%"
"29.09.2016","6.500,50","6.465,70","6.540,00","6.356,00","202,86K","0,54%"
"28.09.2016","6.465,70","6.442,80","6.499,90","6.390,00","45,83K","0,36%"
"27.09.2016","6.442,80","6.433,60","6.449,90","6.375,10","203,32K","0,14%"
"26.09.2016","6.433,60","6.412,90","6.447,00","6.360,00","45,84K","0,32%"
"23.09.2016","6.412,90","6.452,80","6.452,80","6.361,80","140,34K","-0,62%"
"22.09.2016","6.452,80","6.397,80","6.475,00","6.399,80","177,96K","0,86%"
"21.09.2016","6.397,80","6.395,80","6.448,20","6.395,40","132,79K","0,03%"
"20.09.2016","6.395,80","6.368,70","6.440,00","6.302,00","150,07K","0,43%"
"16.09.2016","6.368,70","6.463,70","6.405,50","6.350,00","271,84K","-1,47%"
"15.09.2016","6.463,70","6.376,70","6.495,00","6.375,00","150,60K","1,36%"
"14.09.2016","6.376,70","6.400,90","6.400,00","6.360,00","685,15K","-0,38%"
"13.09.2016","6.400,90","6.328,40","6.450,00","6.300,00","173,82K","1,15%"
"12.09.2016","6.328,40","6.428,60","6.400,00","6.210,00","83,65K","-1,56%"
"09.09.2016","6.428,60","6.415,90","6.490,00","6.415,00","42,09K","0,20%"
"08.09.2016","6.415,90","6.462,90","6.470,00","6.403,10","111,92K","-0,73%"
"07.09.2016","6.462,90","6.505,10","6.499,00","6.450,00","78,29K","-0,65%"
"06.09.2016","6.505,10","6.446,70","6.550,00","6.427,10","292,27K","0,91%"
"05.09.2016","6.446,70","6.439,40","6.490,00","6.400,00","29,86K","0,11%"
"02.09.2016","6.439,40","6.400,00","6.448,00","6.400,00","170,31K","-0,10%"
"01.09.2016","6.445,60","6.434,60","6.499,90","6.400,00","37,56K","0,17%"
"31.08.2016","6.434,60","6.494,10","6.494,50","6.400,00","327,75K","-0,92%"
"30.08.2016","6.494,10","6.509,10","6.510,10","6.490,00","63,13K","-0,23%"
"29.08.2016","6.509,10","6.464,50","6.510,00","6.466,00","54,89K","0,69%"
"26.08.2016","6.464,50","6.509,40","6.589,00","6.387,00","169,11K","-0,69%"
"25.08.2016","6.509,40","6.532,30","6.540,00","6.456,00","97,15K","-0,35%"
"24.08.2016","6.532,30","6.544,20","6.550,00","6.451,00","482,55K","-0,18%"
"23.08.2016","6.544,20","6.549,20","6.550,00","6.500,00","483,59K","-0,08%"
"22.08.2016","6.549,20","6.506,80","6.550,00","6.500,00","60,90K","0,65%"
"19.08.2016","6.506,80","6.548,20","6.549,90","6.500,00","1,11M","-0,63%"
"18.08.2016","6.548,20","6.544,70","6.550,00","6.500,00","101,09K","0,05%"
"17.08.2016","6.544,70","6.654,40","6.684,00","6.500,00","935,56K","-1,65%"
"16.08.2016","6.654,40","6.586,60","6.699,00","6.545,00","119,08K","1,03%"
"12.08.2016","6.586,60","6.500,10","6.600,00","6.474,00","178,41K","1,33%"
"11.08.2016","6.500,10","6.442,10","6.510,00","6.444,90","188,49K","0,90%"
"10.08.2016","6.442,10","6.514,50","6.515,00","6.400,10","128,08K","-1,11%"
"09.08.2016","6.514,50","6.519,90","6.515,00","6.425,10","205,03K","-0,08%"
"08.08.2016","6.519,90","6.459,20","6.570,00","6.470,00","112,40K","0,94%"
"05.08.2016","6.459,20","6.428,00","6.474,20","6.410,00","280,79K","0,49%"
"04.08.2016","6.428,00","6.334,50","6.450,00","6.334,50","273,38K","1,48%"
"03.08.2016","6.334,50","6.376,50","6.375,10","6.300,10","330,96K","-0,66%"
"02.08.2016","6.376,50","6.480,00","6.500,10","6.260,00","710,45K","-1,34%"
"01.08.2016","6.463,00","6.444,90","6.480,00","6.400,00","1,40M","0,28%"
"29.07.2016","6.444,90","6.452,90","6.480,00","6.430,00","285,13K","-0,12%"
"28.07.2016","6.452,90","6.492,80","6.498,00","6.433,00","234,60K","-0,61%"
"27.07.2016","6.492,80","6.432,00","6.499,90","6.435,00","283,94K","0,95%"
"26.07.2016","6.432,00","6.490,50","6.503,00","6.410,00","227,73K","-0,90%"
"25.07.2016","6.490,50","6.595,10","6.601,00","6.406,10","219,68K","-1,59%"
"22.07.2016","6.595,10","6.413,30","6.649,90","6.400,00","294,67K","2,83%"
"21.07.2016","6.413,30","6.310,40","6.449,80","6.230,00","307,40K","1,63%"
"20.07.2016","6.310,40","6.410,00","6.410,00","6.260,00","359,15K","-1,61%"
"19.07.2016","6.413,80","6.181,40","6.437,90","6.180,00","310,86K","3,76%"
"18.07.2016","6.181,40","6.094,10","6.198,90","6.050,00","159,24K","1,43%"
"15.07.2016","6.094,10","6.065,00","6.100,00","6.050,00","295,51K","0,59%"
"14.07.2016","6.058,60","6.032,80","6.069,90","6.000,00","1,07M","0,43%"
"13.07.2016","6.032,80","6.025,90","6.048,00","5.994,00","245,25K","0,11%"
"12.07.2016","6.025,90","5.997,20","6.039,10","5.970,00","695,03K","0,48%"
"11.07.2016","5.997,20","5.985,00","6.014,00","5.965,00","189,16K","0,20%"
"08.07.2016","5.985,00","5.969,40","6.000,00","5.950,00","194,89K","0,26%"
"07.07.2016","5.969,40","6.002,90","6.010,00","5.960,00","96,74K","-0,56%"
"06.07.2016","6.002,90","5.999,90","6.016,00","5.970,00","230,66K","0,05%"
"05.07.2016","5.999,90","6.000,00","6.000,00","5.950,00","401,88K","0,00%"
"04.07.2016","5.999,90","6.037,60","6.040,00","5.999,00","61,44K","-0,62%"
"01.07.2016","6.037,60","5.996,30","6.054,00","5.999,80","576,24K","0,69%"
"30.06.2016","5.996,30","6.062,80","6.048,20","5.900,00","524,59K","-1,10%"
"29.06.2016","6.062,80","5.988,50","6.098,90","5.910,00","122,34K","1,24%"
"28.06.2016","5.988,50","6.100,00","6.120,10","5.955,00","177,70K","-1,83%"
"24.06.2016","6.100,00","5.851,00","6.106,10","5.850,00","149,67K","0,15%"
"23.06.2016","6.091,10","6.086,10","6.120,00","6.001,00","70,18K","0,08%"
"22.06.2016","6.086,10","6.086,30","6.137,90","6.030,10","125,02K","-0,00%"
"21.06.2016","6.086,30","5.983,80","6.100,00","5.900,00","160,88K","1,71%"
"20.06.2016","5.983,80","5.906,97","6.031,50","5.920,00","74,71K","1,30%"
"17.06.2016","5.906,97","5.845,42","6.008,68","5.827,93","1,69M","1,05%"
"16.06.2016","5.845,42","5.861,64","5.910,98","5.764,33","110,14K","0,66%"
"15.06.2016","5.807,31","5.779,57","5.850,40","5.780,15","80,78K","0,48%"
"14.06.2016","5.779,57","5.818,35","5.818,16","5.736,58","172,73K","-0,67%"
"13.06.2016","5.818,35","5.862,42","5.910,88","5.774,19","58,36K","-0,75%"
"10.06.2016","5.862,42","5.886,65","5.886,55","5.852,36","311,80K","-0,41%"
"09.06.2016","5.886,65","5.878,25","5.925,63","5.862,13","199,56K","0,14%"
"08.06.2016","5.878,25","6.028,02","5.969,60","5.871,99","341,64K","-2,48%"
"07.06.2016","6.028,02","5.786,51","6.056,55","5.715,57","1,07M","4,17%"
"06.06.2016","5.786,51","5.836,82","5.862,13","5.737,16","172,74K","-0,86%"
"03.06.2016","5.836,82","5.797,35","5.862,13","5.764,42","72,24K","0,68%"
"02.06.2016","5.797,35","5.792,56","5.862,13","5.765,40","48,55K","0,08%"
"01.06.2016","5.792,56","5.772,05","5.862,13","5.716,65","139,40K","0,36%"
"31.05.2016","5.772,05","5.904,82","5.862,32","5.727,30","1,04M","-2,25%"
"30.05.2016","5.904,82","5.957,58","5.950,06","5.901,11","57,10K","-0,89%"
"27.05.2016","5.957,58","5.937,36","5.959,83","5.779,08","177,95K","0,34%"
"26.05.2016","5.937,36","5.782,01","5.958,75","5.782,01","53,04K","2,69%"
"25.05.2016","5.782,01","5.754,85","5.785,72","5.744,88","159,05K","0,47%"
"24.05.2016","5.754,85","5.695,15","5.779,96","5.695,06","1,12M","1,05%"
"23.05.2016","5.695,15","5.712,06","5.759,54","5.622,76","29,94K","-0,30%"
"20.05.2016","5.712,06","5.737,95","5.802,53","5.685,28","227,17K","-0,45%"
"19.05.2016","5.737,95","5.818,84","5.759,54","5.689,10","185,63K","-1,39%"
"18.05.2016","5.818,84","5.720,16","5.910,98","5.632,53","255,86K","1,73%"
"17.05.2016","5.720,16","5.715,96","5.735,11","5.715,57","87,18K","0,07%"
"16.05.2016","5.715,96","5.708,05","5.803,21","5.666,72","118,01K","0,14%"
"13.05.2016","5.708,05","5.774,39","5.774,39","5.666,72","41,45K","-1,15%"
"12.05.2016","5.774,39","5.748,99","5.783,96","5.715,57","459,71K","0,44%"
"11.05.2016","5.748,99","5.724,46","5.764,42","5.715,57","75,97K","0,43%"
"10.05.2016","5.724,46","5.736,77","5.735,11","5.655,58","102,15K","-0,21%"
"09.05.2016","5.736,77","5.679,23","5.749,77","5.617,87","138,22K","1,01%"
"06.05.2016","5.679,23","5.714,79","5.720,46","5.667,80","437,84K","-0,62%"
"05.05.2016","5.714,79","5.697,69","5.753,68","5.681,38","663,10K","0,30%"
"04.05.2016","5.697,69","5.702,68","5.728,27","5.671,80","332,41K","-0,09%"
"03.05.2016","5.702,68","5.606,34","5.813,27","5.666,72","732,24K","1,72%"
"02.05.2016","5.606,34","5.631,06","5.667,70","5.578,79","131,55K","-0,44%"
"29.04.2016","5.631,06","5.722,61","5.715,57","5.622,76","388,66K","-1,60%"
"28.04.2016","5.722,61","5.755,44","5.764,52","5.689,19","67,06K","-0,57%"
"27.04.2016","5.755,44","5.780,45","5.783,96","5.681,48","23,51K","-0,43%"
"26.04.2016","5.780,45","5.763,45","5.813,27","5.754,65","50,74K","0,29%"
"25.04.2016","5.763,45","5.795,79","5.823,05","5.763,35","47,18K","-0,56%"
"22.04.2016","5.795,79","5.822,36","5.822,07","5.744,30","21,23K","-0,46%"
"21.04.2016","5.822,36","5.736,29","5.842,59","5.759,54","122,70K","1,50%"
"20.04.2016","5.736,29","5.704,24","5.764,33","5.666,72","150,53K","0,56%"
"19.04.2016","5.704,24","5.783,48","5.803,51","5.668,77","57,63K","-1,37%"
"18.04.2016","5.783,48","5.706,19","5.808,39","5.764,33","437,21K","1,35%"
"15.04.2016","5.706,19","5.793,73","5.764,42","5.697,79","70,76K","-1,51%"
"14.04.2016","5.793,73","5.776,64","5.841,51","5.735,11","90,74K","0,30%"
"13.04.2016","5.776,64","5.812,10","5.852,36","5.720,46","97,44K","-0,61%"
"12.04.2016","5.812,10","5.702,87","5.841,61","5.700,92","30,24K","1,92%"
"11.04.2016","5.702,87","5.795,59","5.823,05","5.676,49","99,67K","-1,60%"
"08.04.2016","5.795,59","5.921,82","5.921,72","5.765,40","181,61K","-2,13%"
"07.04.2016","5.921,82","6.093,68","6.093,68","5.862,13","63,70K","-0,36%"
"06.04.2016","5.943,51","5.943,90","5.959,83","5.915,86","55,81K","-0,01%"
"05.04.2016","5.943,90","5.846,20","5.950,06","5.862,13","174,13K","1,67%"
"04.04.2016","5.846,20","5.806,73","5.862,13","5.784,45","121,85K","0,68%"
"01.04.2016","5.806,73","5.778,40","5.813,27","5.722,22","131,53K","0,49%"
"31.03.2016","5.778,40","5.827,73","5.842,59","5.715,57","308,31K","-0,85%"
"30.03.2016","5.827,73","5.808,00","5.842,59","5.808,00","384,54K","0,34%"
"29.03.2016","5.808,00","5.717,92","5.813,18","5.715,57","50,88K","1,58%"
"28.03.2016","5.717,92","5.811,22","5.851,38","5.671,61","44,08K","-1,61%"
"24.03.2016","5.811,22","5.823,05","5.823,05","5.764,42","81,56K","0,08%"
"23.03.2016","5.806,73","5.716,74","5.813,27","5.661,84","94,74K","1,57%"
"22.03.2016","5.716,74","5.771,85","5.857,24","5.666,72","114,16K","-0,95%"
"21.03.2016","5.771,85","5.503,27","5.860,17","5.503,27","209,33K","4,88%"
"18.03.2016","5.503,27","5.379,57","5.637,41","5.402,93","565,87K","2,30%"
"17.03.2016","5.379,57","5.577,32","5.573,90","5.295,45","586,44K","-3,55%"
"16.03.2016","5.577,32","5.616,31","5.710,69","5.569,02","73,14K","-0,69%"
"15.03.2016","5.616,31","5.598,53","5.666,72","5.608,00","96,37K","0,32%"
"14.03.2016","5.598,53","5.686,46","5.764,33","5.569,12","337,46K","-1,55%"
"11.03.2016","5.686,46","5.655,68","5.774,19","5.655,00","91,17K","0,54%"
"10.03.2016","5.655,68","5.739,31","5.861,93","5.569,02","300,54K","-1,46%"
"09.03.2016","5.739,31","5.755,53","5.813,18","5.715,67","63,03K","-0,28%"
"08.03.2016","5.755,53","5.837,90","5.764,42","5.676,59","76,42K","-1,41%"
"07.03.2016","5.837,90","5.861,73","5.861,73","5.832,81","234,36K","-0,41%"
"04.03.2016","5.861,73","5.869,94","5.910,98","5.764,72","52,07K","-0,14%"
"03.03.2016","5.869,94","5.852,65","5.886,85","5.832,81","222,15K","0,30%"
"02.03.2016","5.852,65","5.805,36","5.861,05","5.805,36","63,19K","0,81%"
"01.03.2016","5.805,36","5.790,12","5.837,70","5.798,62","149,02K","0,26%"
"29.02.2016","5.790,12","5.683,62","5.813,27","5.683,33","463,12K","1,87%"
"26.02.2016","5.683,62","5.705,12","5.711,66","5.666,72","282,09K","-0,38%"
"25.02.2016","5.705,12","5.744,00","5.788,85","5.686,26","213,66K","-0,68%"
"24.02.2016","5.744,00","5.867,01","5.871,90","5.704,53","604,70K","-2,10%"
"23.02.2016","5.867,01","6.000,47","5.998,91","5.863,98","400,13K","-2,22%"
"22.02.2016","6.000,47","6.085,57","6.125,92","5.985,43","298,89K","-1,40%"
"19.02.2016","6.085,57","6.237,89","6.161,09","6.057,53","294,43K","-2,44%"
"18.02.2016","6.237,89","6.376,92","6.376,04","6.094,66","421,55K","-2,18%"
"17.02.2016","6.376,92","6.352,10","6.389,42","6.368,22","61,18K","0,39%"
"16.02.2016","6.352,10","6.387,37","6.399,49","6.350,54","180,98K","-0,55%"
"15.02.2016","6.387,37","6.360,11","6.413,17","6.359,43","28,79K","0,43%"
"12.02.2016","6.360,11","6.255,67","6.389,72","6.301,78","27,55K","1,67%"
"11.02.2016","6.255,67","6.363,92","6.350,64","6.250,78","204,41K","-1,70%"
"10.02.2016","6.363,92","6.360,41","6.370,18","6.287,23","102,83K","0,07%"
"09.02.2016","6.359,23","6.350,93","6.371,15","6.262,80","95,65K","0,13%"
"08.02.2016","6.350,93","6.419,91","6.418,64","6.350,64","41,55K","-1,07%"
"05.02.2016","6.419,91","6.554,44","6.494,06","6.360,41","37,06K","-2,05%"
"04.02.2016","6.554,44","6.318,20","6.643,74","6.318,40","179,43K","3,74%"
"03.02.2016","6.318,20","6.387,47","6.399,49","6.272,38","79,62K","-1,08%"
"02.02.2016","6.387,47","6.586,78","6.546,04","6.301,98","142,92K","-3,03%"
"01.02.2016","6.586,78","6.713,60","6.594,89","6.506,96","123,47K","-1,89%"
"29.01.2016","6.713,60","6.371,45","6.839,15","6.370,18","376,30K","5,37%"
"28.01.2016","6.371,45","6.272,08","6.643,74","6.316,44","180,26K","1,58%"
"27.01.2016","6.272,08","6.347,02","6.326,21","6.204,18","61,42K","-1,18%"
"26.01.2016","6.347,02","6.336,86","6.422,94","6.326,21","76,64K","0,16%"
"25.01.2016","6.336,86","6.323,09","6.445,41","6.253,03","69,51K","0,22%"
"22.01.2016","6.323,09","6.274,33","6.397,44","6.252,93","129,47K","0,78%"
"21.01.2016","6.274,33","6.141,85","6.330,02","6.106,38","140,52K","2,16%"
"20.01.2016","6.141,85","6.203,20","6.203,11","6.047,76","115,66K","-0,99%"
"19.01.2016","6.203,20","6.155,23","6.300,81","6.155,23","156,00K","0,79%"
"18.01.2016","6.154,45","6.053,91","6.246,98","6.067,30","137,50K","1,66%"
"15.01.2016","6.053,91","6.345,75","6.345,75","5.961,68","400,91K","-2,99%"
"14.01.2016","6.240,43","6.281,95","6.252,93","6.156,21","129,70K","-0,66%"
"13.01.2016","6.281,95","6.289,57","6.370,18","6.253,91","187,84K","-0,12%"
"12.01.2016","6.289,57","6.274,14","6.399,49","6.282,15","196,02K","0,25%"
"11.01.2016","6.274,14","6.350,64","6.438,57","6.263,68","223,09K","-1,39%"
"08.01.2016","6.362,26","6.313,12","6.389,72","6.311,56","108,65K","0,78%"
"07.01.2016","6.313,12","6.325,43","6.389,72","6.252,93","187,74K","-0,19%"
"06.01.2016","6.325,43","6.269,15","6.438,57","6.248,05","577,90K","0,90%"
"05.01.2016","6.269,15","6.145,76","6.301,78","6.145,76","557,18K","2,01%"
"04.01.2016","6.145,76","6.195,39","6.350,64","6.058,51","152,54K","-0,80%"
"30.12.2015","6.195,39","6.140,58","6.204,08","6.140,58","148,51K","0,89%"
"29.12.2015","6.140,58","6.205,74","6.233,39","6.081,96","133,05K","-1,05%"
"28.12.2015","6.205,74","6.301,78","6.301,78","6.165,20","49,33K","-1,52%"
"24.12.2015","6.301,78","6.380,24","6.335,98","6.299,83","15,03K","-1,23%"
"23.12.2015","6.380,24","6.312,92","6.399,49","6.301,78","78,92K","1,07%"
"22.12.2015","6.312,92","6.342,33","6.369,20","6.160,12","80,41K","-0,46%"
"21.12.2015","6.342,33","6.294,65","6.379,95","6.266,71","70,43K","0,76%"
"18.12.2015","6.294,65","6.340,38","6.482,53","6.111,27","694,19K","-0,72%"
"17.12.2015","6.340,38","6.449,51","6.482,53","6.311,56","204,88K","-0,18%"
"16.12.2015","6.351,81","6.244,24","6.435,64","6.301,78","1,48M","1,72%"
"15.12.2015","6.244,24","6.067,79","6.344,77","6.125,92","83,78K","2,91%"
"14.12.2015","6.067,79","5.938,04","6.145,27","5.930,61","267,24K","2,19%"
"11.12.2015","5.938,04","6.008,97","6.013,56","5.921,72","279,24K","-1,18%"
"10.12.2015","6.008,97","6.071,21","6.075,12","6.008,68","169,43K","-1,03%"
"09.12.2015","6.071,21","6.108,43","6.155,23","6.008,68","347,97K","-0,61%"
"07.12.2015","6.108,43","6.141,06","6.169,98","6.106,38","117,57K","-0,50%"
"04.12.2015","6.139,21","6.154,55","6.340,87","6.116,15","116,48K","-0,25%"
"03.12.2015","6.154,55","6.213,56","6.301,69","6.112,24","58,60K","-0,95%"
"02.12.2015","6.213,56","6.277,95","6.251,86","6.096,61","196,96K","-1,03%"
"01.12.2015","6.277,95","6.340,77","6.340,77","6.058,51","280,28K","1,13%"
"30.11.2015","6.207,99","6.251,76","6.350,54","6.155,04","393,94K","-0,70%"
"27.11.2015","6.251,76","6.306,18","6.350,64","6.228,51","82,48K","-0,86%"
"26.11.2015","6.306,18","6.340,87","6.340,87","6.233,39","25,59K","-0,21%"
"25.11.2015","6.319,18","6.351,61","6.399,49","6.252,93","36,91K","-0,51%"
"24.11.2015","6.351,61","6.447,95","6.448,44","6.351,61","244,63K","-1,49%"
"23.11.2015","6.447,95","6.431,63","6.477,65","6.389,72","37,71K","0,25%"
"20.11.2015","6.431,63","6.454,59","6.526,50","6.399,49","54,65K","-0,36%"
"19.11.2015","6.454,59","6.332,17","6.526,40","6.350,64","62,61K","1,93%"
"18.11.2015","6.332,17","6.352,20","6.352,20","6.272,48","14,05K","-0,32%"
"17.11.2015","6.352,20","6.295,44","6.448,34","6.306,67","189,91K","0,90%"
"16.11.2015","6.295,44","6.340,67","6.340,87","6.272,48","180,60K","-0,71%"
"13.11.2015","6.340,67","6.334,91","6.529,24","6.301,78","116,89K","0,09%"
"12.11.2015","6.334,91","6.315,27","6.345,75","6.204,08","54,87K","0,31%"
"11.11.2015","6.315,27","6.348,98","6.414,14","6.272,48","69,09K","-0,53%"
"10.11.2015","6.348,98","6.374,96","6.374,09","6.204,08","68,61K","-0,41%"
"09.11.2015","6.374,96","6.332,76","6.419,03","6.333,05","518,58K","0,67%"
"06.11.2015","6.332,76","6.340,57","6.387,67","6.290,84","29,02K","-0,12%"
"05.11.2015","6.340,57","6.326,41","6.389,72","6.292,02","161,53K","0,22%"
"04.11.2015","6.326,41","6.253,42","6.389,72","6.263,68","137,14K","1,17%"
"03.11.2015","6.253,42","6.207,70","6.277,26","6.104,43","442,27K","0,74%"
"02.11.2015","6.207,70","6.250,20","6.272,48","6.106,38","137,73K","-0,68%"
"30.10.2015","6.250,20","6.226,07","6.301,10","6.106,38","251,86K","0,39%"
"29.10.2015","6.226,07","6.381,90","6.379,95","6.204,08","383,63K","-2,44%"
"28.10.2015","6.381,90","6.427,33","6.448,34","6.362,46","38,72K","-0,71%"
"27.10.2015","6.427,33","6.433,78","6.516,73","6.361,38","35,76K","-0,10%"
"26.10.2015","6.433,78","6.439,06","6.458,11","6.399,49","105,86K","-0,08%"
"23.10.2015","6.439,06","6.447,46","6.477,65","6.399,49","123,81K","-0,13%"
"22.10.2015","6.447,46","6.469,15","6.643,74","6.424,99","181,69K","-0,34%"
"21.10.2015","6.469,15","6.466,80","6.594,89","6.399,49","127,07K","0,04%"
"20.10.2015","6.466,80","6.458,99","6.496,02","6.399,78","165,17K","0,12%"
"19.10.2015","6.458,99","6.428,11","6.477,45","6.438,57","148,69K","0,48%"
"16.10.2015","6.428,11","6.499,93","6.565,48","6.414,14","280,78K","-1,10%"
"15.10.2015","6.499,93","6.516,05","6.575,35","6.448,34","102,42K","-0,25%"
"14.10.2015","6.516,05","6.643,74","6.643,74","6.450,88","109,45K","-0,07%"
"13.10.2015","6.520,83","6.484,10","6.536,27","6.453,32","282,05K","0,57%"
"09.10.2015","6.484,10","6.442,77","6.555,81","6.448,34","368,65K","0,64%"
"08.10.2015","6.442,77","6.497,09","6.497,09","6.438,47","120,13K","-0,73%"
"07.10.2015","6.490,45","6.465,24","6.497,19","6.302,86","137,09K","0,39%"
"06.10.2015","6.465,24","6.477,65","6.536,17","6.433,68","168,42K","-0,19%"
"05.10.2015","6.477,65","6.409,45","6.498,17","6.409,45","73,29K","1,06%"
"02.10.2015","6.409,45","6.412,09","6.492,21","6.350,64","533,90K","-0,04%"
"01.10.2015","6.412,09","6.420,79","6.501,00","6.302,76","193,98K","-0,14%"
"30.09.2015","6.420,79","6.335,98","6.428,80","6.335,88","479,77K","1,34%"
"29.09.2015","6.335,98","6.256,84","6.346,63","6.262,70","139,34K","1,26%"
"28.09.2015","6.256,84","6.292,41","6.326,21","6.194,31","71,72K","-0,57%"
"25.09.2015","6.292,41","6.230,76","6.350,64","6.282,24","123,56K","0,99%"
"24.09.2015","6.230,76","6.190,11","6.350,54","6.106,38","532,51K","0,66%"
"23.09.2015","6.190,11","6.305,69","6.460,06","6.155,23","390,42K","-1,83%"
"22.09.2015","6.305,69","6.424,01","6.448,34","6.253,91","52,43K","-1,84%"
"21.09.2015","6.424,01","6.482,14","6.526,50","6.404,37","89,87K","-0,90%"
"17.09.2015","6.482,14","6.476,77","6.526,40","6.458,11","528,49K","0,08%"
"16.09.2015","6.476,77","6.371,94","6.497,19","6.372,13","260,20K","1,65%"
"15.09.2015","6.371,94","6.242,19","6.438,57","6.262,80","901,46K","2,08%"
"14.09.2015","6.242,19","6.254,11","6.350,64","6.165,00","78,24K","-0,19%"
"11.09.2015","6.254,11","6.248,05","6.301,78","6.165,00","121,38K","0,10%"
"10.09.2015","6.248,05","6.127,58","6.252,93","6.203,99","221,67K","1,97%"
"09.09.2015","6.127,58","6.168,32","6.350,64","6.105,40","89,68K","-0,66%"
"08.09.2015","6.168,32","6.189,04","6.301,78","6.165,00","162,08K","-0,33%"
"07.09.2015","6.189,04","6.191,87","6.252,93","6.154,06","43,10K","-0,05%"
"04.09.2015","6.191,87","6.275,02","6.252,93","6.135,69","143,73K","-1,33%"
"03.09.2015","6.275,02","6.230,76","6.350,64","6.189,43","122,54K","0,71%"
"02.09.2015","6.230,76","6.160,61","6.252,93","6.155,23","63,55K","1,14%"
"01.09.2015","6.160,61","6.335,49","6.338,52","6.108,43","345,71K","-2,76%"
"31.08.2015","6.335,49","6.226,26","6.398,51","6.062,41","280,69K","1,75%"
"28.08.2015","6.226,26","6.458,11","6.458,11","6.204,18","179,12K","-3,28%"
"27.08.2015","6.437,40","6.191,28","6.497,19","6.195,00","398,27K","3,98%"
"26.08.2015","6.191,28","6.183,37","6.302,66","6.182,69","355,67K","0,13%"
"25.08.2015","6.183,37","6.123,68","6.301,78","6.008,58","783,97K","0,97%"
"24.08.2015","6.123,68","6.249,91","6.262,70","5.910,98","207,05K","-2,02%"
"21.08.2015","6.249,91","6.300,61","6.287,13","6.203,11","96,77K","-0,80%"
"20.08.2015","6.300,61","6.188,84","6.399,49","6.151,32","172,67K","1,81%"
"19.08.2015","6.188,84","6.038,09","6.194,31","6.057,53","728,91K","2,50%"
"18.08.2015","6.038,09","6.057,73","6.155,23","6.018,45","49,99K","-0,32%"
"17.08.2015","6.057,73","6.155,04","6.300,81","6.029,20","648,99K","-1,58%"
"14.08.2015","6.155,04","6.223,23","6.238,28","6.116,25","579,04K","-1,10%"
"13.08.2015","6.223,23","6.240,23","6.301,69","6.208,97","131,62K","0,32%"
"12.08.2015","6.203,60","6.240,33","6.301,69","6.165,00","1,11M","-0,59%"
"11.08.2015","6.240,33","6.351,03","6.350,73","6.233,39","105,53K","-1,74%"
"10.08.2015","6.351,03","6.380,34","6.546,04","6.350,64","234,48K","-0,46%"
"07.08.2015","6.380,34","6.255,77","6.467,78","6.252,93","386,06K","1,99%"
"06.08.2015","6.255,77","6.447,75","6.399,49","6.161,09","208,50K","-2,98%"
"05.08.2015","6.447,75","6.550,73","6.740,47","6.399,49","154,02K","-1,57%"
"04.08.2015","6.550,73","6.697,48","6.741,44","6.448,34","256,24K","-2,19%"
"03.08.2015","6.697,48","6.806,71","6.828,40","6.604,86","56,05K","-1,60%"
"31.07.2015","6.806,71","6.684,68","6.839,05","6.718,09","240,50K","1,83%"
"30.07.2015","6.684,68","6.708,23","6.825,47","6.653,51","69,35K","-0,36%"
"29.07.2015","6.708,81","6.646,87","6.839,05","6.594,89","192,01K","0,93%"
"28.07.2015","6.646,87","6.644,82","6.789,32","6.643,94","228,49K","-0,12%"
"27.07.2015","6.654,69","6.694,84","6.736,56","6.449,32","213,07K","-0,60%"
"24.07.2015","6.694,84","6.803,97","6.800,07","6.673,05","93,31K","-1,60%"
"23.07.2015","6.803,97","6.845,79","6.927,08","6.790,30","33,08K","-0,61%"
"22.07.2015","6.845,79","6.889,07","6.887,80","6.829,38","49,43K","-0,63%"
"21.07.2015","6.889,07","6.663,28","6.936,85","6.663,28","214,50K","1,00%"
"20.07.2015","6.820,68","6.768,90","6.839,05","6.768,80","107,20K","0,76%"
"17.07.2015","6.768,90","6.984,72","6.984,72","6.692,59","102,36K","-0,41%"
"15.07.2015","6.796,55","6.779,94","6.927,08","6.643,74","329,94K","0,24%"
"14.07.2015","6.779,94","6.809,84","6.809,84","6.752,19","45,62K","-0,44%"
"13.07.2015","6.809,84","6.857,52","6.985,70","6.712,13","56,50K","-0,70%"
"10.07.2015","6.857,52","6.790,30","6.935,87","6.761,96","257,23K","1,61%"
"09.07.2015","6.749,07","6.710,18","6.839,05","6.682,82","94,25K","0,58%"
"08.07.2015","6.710,18","6.844,81","6.935,87","6.643,65","143,63K","-1,97%"
"07.07.2015","6.844,81","6.797,72","6.880,18","6.721,90","125,36K","0,69%"
"06.07.2015","6.797,72","6.825,18","6.873,24","6.741,44","76,76K","-0,40%"
"03.07.2015","6.825,18","6.819,22","6.880,18","6.643,84","62,54K","0,09%"
"02.07.2015","6.819,22","6.775,35","6.926,10","6.574,37","150,76K","0,65%"
"01.07.2015","6.775,35","6.914,87","6.936,85","6.742,52","220,27K","-2,02%"
"30.06.2015","6.914,87","6.910,08","6.936,85","6.829,38","180,19K","0,07%"
"26.06.2015","6.910,08","6.934,90","6.934,90","6.863,57","132,60K","0,40%"
"25.06.2015","6.882,23","6.877,84","6.936,75","6.839,15","191,82K","0,06%"
"24.06.2015","6.877,84","6.927,08","6.927,08","6.693,57","199,95K","0,16%"
"23.06.2015","6.866,99","6.936,85","7.010,32","6.848,82","157,07K","-0,28%"
"22.06.2015","6.886,53","6.857,32","6.936,85","6.839,15","110,59K","0,43%"
"19.06.2015","6.857,32","6.848,82","6.888,00","6.674,13","288,29K","0,12%"
"18.06.2015","6.848,82","7.024,78","7.024,78","6.795,28","151,57K","-1,34%"
"17.06.2015","6.942,12","6.982,67","7.034,55","6.878,23","479,97K","-0,58%"
"16.06.2015","6.982,67","7.113,10","7.112,71","6.956,39","194,24K","-1,83%"
"15.06.2015","7.113,10","7.206,12","7.181,10","7.034,55","32,04K","-1,29%"
"12.06.2015","7.206,12","7.198,59","7.327,66","7.102,94","383,93K","0,10%"
"11.06.2015","7.198,59","7.186,28","7.278,81","7.098,15","315,61K","0,17%"
"10.06.2015","7.186,28","7.032,89","7.278,71","7.032,89","251,60K","2,18%"
"09.06.2015","7.032,89","6.844,52","7.156,39","6.844,03","529,12K","2,75%"
"08.06.2015","6.844,52","6.909,69","6.966,16","6.790,30","157,35K","-0,94%"
"05.06.2015","6.909,69","6.892,88","6.966,16","6.837,98","129,53K","0,24%"
"04.06.2015","6.892,88","6.966,94","7.127,37","6.844,03","151,87K","-1,06%"
"03.06.2015","6.966,94","7.030,06","7.083,40","6.939,78","122,34K","-0,90%"
"02.06.2015","7.030,06","7.029,37","7.228,98","6.936,95","224,86K","0,01%"
"01.06.2015","7.029,37","7.263,96","7.278,81","6.937,83","420,61K","-3,23%"
"29.05.2015","7.263,96","7.249,69","7.571,91","7.143,00","1,14M","0,20%"
"28.05.2015","7.249,69","7.186,28","7.269,04","7.034,55","194,62K","0,88%"
"27.05.2015","7.186,28","7.134,99","7.269,04","7.131,28","182,34K","0,72%"
"26.05.2015","7.134,99","7.275,19","7.283,69","7.131,28","246,69K","-1,93%"
"25.05.2015","7.275,19","7.314,08","7.313,98","7.151,89","14,26K","-0,53%"
"22.05.2015","7.314,08","7.255,85","7.327,66","7.132,25","244,01K","0,80%"
"20.05.2015","7.255,85","7.327,66","7.327,66","7.174,95","595,56K","-0,16%"
"19.05.2015","7.267,77","7.029,67","7.325,80","7.034,55","294,95K","3,39%"
"18.05.2015","7.029,67","6.936,95","7.029,67","6.907,54","59,38K","1,34%"
"15.05.2015","6.936,95","6.936,85","6.985,70","6.936,36","81,58K","0,19%"
"14.05.2015","6.923,85","7.035,23","7.073,63","6.839,24","98,09K","-1,58%"
"13.05.2015","7.035,23","7.066,50","7.132,25","7.034,55","143,71K","-0,44%"
"12.05.2015","7.066,50","7.079,49","7.083,40","6.985,70","118,12K","-0,18%"
"11.05.2015","7.079,49","6.971,34","7.093,17","6.985,80","55,38K","1,55%"
"08.05.2015","6.971,34","6.934,60","7.015,01","6.839,24","137,20K","0,53%"
"07.05.2015","6.934,60","7.022,83","7.022,83","6.839,24","397,51K","-1,26%"
"06.05.2015","7.022,83","7.032,60","7.052,33","6.810,23","157,71K","-0,26%"
"05.05.2015","7.041,29","6.740,47","7.083,50","6.670,32","397,72K","5,43%"
"04.05.2015","6.678,92","6.758,64","6.758,05","6.643,74","140,10K","-1,18%"
"30.04.2015","6.758,64","6.511,16","6.829,38","6.516,73","383,77K","3,80%"
"29.04.2015","6.511,16","6.552,78","6.565,58","6.497,19","114,31K","-0,64%"
"28.04.2015","6.552,78","6.574,18","6.594,89","6.545,06","229,28K","-0,33%"
"27.04.2015","6.574,18","6.416,98","6.643,74","6.399,49","144,13K","2,45%"
"24.04.2015","6.416,98","6.464,46","6.448,34","6.360,50","121,51K","-0,73%"
"23.04.2015","6.464,46","6.509,60","6.546,04","6.448,34","56,05K","-0,69%"
"22.04.2015","6.509,60","6.482,24","6.545,94","6.360,41","136,59K","0,42%"
"21.04.2015","6.482,24","6.252,93","6.497,19","6.252,93","69,79K","3,57%"
"20.04.2015","6.258,89","6.314,39","6.314,88","6.213,85","79,89K","-0,88%"
"17.04.2015","6.314,39","6.366,66","6.360,31","6.311,56","54,67K","-0,82%"
"16.04.2015","6.366,66","6.362,26","6.380,05","6.272,57","287,82K","0,07%"
"15.04.2015","6.362,26","6.411,02","6.428,80","6.350,64","106,51K","-0,76%"
"14.04.2015","6.411,02","6.428,80","6.433,68","6.350,64","58,74K","-0,28%"
"13.04.2015","6.428,80","6.383,07","6.449,32","6.381,90","425,25K","0,72%"
"10.04.2015","6.383,07","6.289,28","6.394,60","6.296,90","130,07K","1,49%"
"09.04.2015","6.289,28","6.333,83","6.321,23","6.252,93","83,23K","-0,70%"
"08.04.2015","6.333,83","6.304,81","6.419,52","6.252,93","575,26K","0,46%"
"07.04.2015","6.304,81","6.379,95","6.448,24","6.277,36","235,81K","-1,18%"
"06.04.2015","6.379,95","6.397,14","6.397,14","6.350,64","119,50K","-0,27%"
"02.04.2015","6.397,14","6.392,06","6.399,49","6.350,64","45,62K","0,08%"
"01.04.2015","6.392,06","6.305,30","6.448,34","6.301,78","347,27K","1,38%"
"31.03.2015","6.305,30","6.244,82","6.349,66","6.195,29","601,41K","0,97%"
"30.03.2015","6.244,82","6.203,69","6.251,96","6.174,77","222,37K","0,66%"
"27.03.2015","6.203,69","6.117,81","6.208,97","6.106,38","146,85K","1,40%"
"26.03.2015","6.117,81","6.146,73","6.147,42","6.056,45","366,49K","-0,47%"
"25.03.2015","6.146,73","6.208,97","6.194,22","6.106,38","78,23K","-1,00%"
"24.03.2015","6.208,97","6.078,63","6.252,84","6.125,92","540,23K","2,14%"
"23.03.2015","6.078,63","6.088,21","6.106,38","6.058,51","271,12K","-0,16%"
"20.03.2015","6.088,21","6.106,38","6.143,70","6.037,99","778,49K","-0,30%"
"19.03.2015","6.106,38","6.066,42","6.106,58","6.067,30","359,01K","0,66%"
"18.03.2015","6.066,42","6.061,63","6.106,38","6.057,53","86,93K","0,08%"
"17.03.2015","6.061,63","6.194,31","6.194,31","6.057,53","140,18K","-1,54%"
"16.03.2015","6.156,21","6.029,98","6.204,08","6.029,29","210,53K","2,09%"
"13.03.2015","6.029,98","5.998,42","6.042,58","5.959,83","96,23K","0,53%"
"12.03.2015","5.998,42","5.959,83","6.047,76","5.940,29","106,66K","0,65%"
"11.03.2015","5.959,83","6.048,54","6.155,23","5.940,29","273,52K","-1,47%"
"10.03.2015","6.048,54","6.067,79","6.067,30","5.964,81","197,19K","-0,32%"
"09.03.2015","6.067,79","6.126,80","6.126,02","5.863,10","76,56K","-0,96%"
"06.03.2015","6.126,80","6.223,72","6.243,16","6.116,15","249,07K","-1,56%"
"05.03.2015","6.223,72","6.254,60","6.282,24","6.156,21","170,42K","-0,49%"
"04.03.2015","6.254,60","6.171,16","6.350,64","6.204,08","232,02K","1,35%"
"03.03.2015","6.171,16","6.138,82","6.188,55","6.137,65","129,03K","0,53%"
"02.03.2015","6.138,82","6.348,00","6.582,58","6.111,36","181,44K","-3,30%"
"27.02.2015","6.348,00","6.239,16","6.419,22","6.239,16","145,44K","1,74%"
"26.02.2015","6.239,16","6.261,92","6.331,00","6.155,23","55,65K","-0,36%"
"25.02.2015","6.261,92","6.342,82","6.340,87","6.160,12","208,38K","-1,28%"
"24.02.2015","6.342,82","6.496,02","6.458,11","6.265,73","273,28K","-2,36%"
"23.02.2015","6.496,02","6.370,18","6.643,74","6.321,42","242,31K","2,40%"
"20.02.2015","6.343,50","6.255,77","6.370,18","6.214,93","53,26K","1,40%"
"19.02.2015","6.255,77","6.189,14","6.350,64","6.156,31","268,23K","1,08%"
"18.02.2015","6.189,14","6.147,02","6.199,20","6.155,14","271,23K","0,69%"
"17.02.2015","6.147,02","6.219,32","6.155,72","6.106,38","216,33K","-1,16%"
"16.02.2015","6.219,32","6.226,36","6.223,62","6.122,11","8,79K","-0,11%"
"13.02.2015","6.226,36","6.257,62","6.252,93","6.184,25","105,20K","-0,50%"
"12.02.2015","6.257,62","6.130,51","6.839,15","6.106,48","99,73K","2,07%"
"11.02.2015","6.130,51","6.126,61","6.155,23","6.129,83","408,53K","0,06%"
"10.02.2015","6.126,61","6.110,39","6.155,23","6.106,28","375,84K","0,27%"
"09.02.2015","6.110,39","6.188,84","6.155,23","6.106,38","50,42K","-1,27%"
"06.02.2015","6.188,84","5.941,95","6.204,08","5.957,87","269,18K","4,16%"
"05.02.2015","5.941,95","5.774,00","5.960,02","5.759,54","220,92K","2,91%"
"04.02.2015","5.774,00","5.795,69","5.803,41","5.742,83","241,26K","-0,37%"
"03.02.2015","5.795,69","5.824,90","5.842,59","5.788,85","1,24M","-0,50%"
"02.02.2015","5.824,90","5.815,23","5.910,88","5.813,27","418,46K","0,17%"
"30.01.2015","5.815,23","5.862,13","5.876,78","5.793,73","335,85K","-1,08%"
"29.01.2015","5.878,83","5.910,98","5.987,97","5.861,05","520,70K","-3,33%"
"28.01.2015","6.081,37","6.105,70","6.116,15","6.057,53","208,38K","-0,40%"
"27.01.2015","6.105,70","6.145,36","6.106,38","6.057,53","110,16K","-0,65%"
"26.01.2015","6.145,36","6.094,46","6.155,23","6.008,68","116,31K","0,84%"
"23.01.2015","6.094,46","6.148,59","6.252,93","6.057,53","116,93K","-0,88%"
"22.01.2015","6.148,59","5.989,14","6.193,34","5.862,13","152,58K","2,66%"
"21.01.2015","5.989,14","5.938,72","6.047,76","5.901,21","80,58K","0,85%"
"20.01.2015","5.938,72","5.893,68","5.976,34","5.891,44","136,07K","0,76%"
"19.01.2015","5.893,68","5.980,54","5.989,14","5.891,44","27,02K","-1,45%"
"16.01.2015","5.980,54","6.001,35","5.998,91","5.979,37","45,04K","-0,35%"
"15.01.2015","6.001,35","6.000,18","6.084,89","5.998,91","97,05K","0,02%"
"14.01.2015","6.000,18","5.963,25","6.018,45","5.963,74","121,15K","0,62%"
"13.01.2015","5.963,25","5.970,67","5.979,37","5.954,94","184,80K","-0,12%"
"12.01.2015","5.970,67","5.974,68","5.981,32","5.960,81","177,59K","-0,07%"
"09.01.2015","5.974,68","5.983,67","5.989,14","5.960,81","113,83K","-0,15%"
"08.01.2015","5.983,67","5.965,10","6.028,22","5.959,83","111,58K","0,31%"
"07.01.2015","5.965,10","5.926,51","5.979,17","5.915,76","119,51K","0,65%"
"06.01.2015","5.926,51","5.945,47","5.950,06","5.910,98","99,73K","-0,32%"
"05.01.2015","5.945,47","5.934,91","5.959,83","5.894,27","106,00K","0,18%"
"02.01.2015","5.934,91","5.930,52","5.959,83","5.920,75","37,33K","-0,36%"
"30.12.2014","5.956,51","5.922,70","5.989,24","5.925,63","53,38K","0,57%"
"29.12.2014","5.922,70","5.970,57","5.984,25","5.915,86","174,08K","-0,80%"
"26.12.2014","5.970,57","5.969,60","5.974,48","5.959,83","7,57K","0,02%"
"24.12.2014","5.969,60","5.977,22","5.974,48","5.969,60","347,64K","-0,13%"
"23.12.2014","5.977,22","6.028,22","6.028,22","5.959,93","25,99K","-0,72%"
"22.12.2014","6.020,70","6.000,08","6.042,88","5.969,60","103,31K","0,34%"
"19.12.2014","6.000,08","6.008,68","6.099,84","5.959,83","142,77K","0,37%"
"18.12.2014","5.977,90","5.943,51","6.056,55","5.959,83","172,24K","0,58%"
"17.12.2014","5.943,51","5.990,51","6.008,78","5.910,88","351,53K","-0,78%"
"16.12.2014","5.990,51","6.041,70","6.052,65","5.911,95","263,03K","-0,85%"
"15.12.2014","6.041,70","6.138,33","6.077,07","6.032,13","306,69K","-1,57%"
"12.12.2014","6.138,33","6.210,63","6.204,08","6.111,27","475,98K","-1,16%"
"11.12.2014","6.210,63","6.291,72","6.301,78","6.184,54","361,29K","-1,29%"
"10.12.2014","6.291,72","6.304,62","6.388,74","6.252,93","225,84K","-0,20%"
"09.12.2014","6.304,62","6.475,21","6.475,21","6.282,15","233,22K","-2,63%"
"05.12.2014","6.475,21","6.577,60","6.578,28","6.448,34","149,36K","-1,56%"
"04.12.2014","6.577,60","6.563,53","6.585,12","6.555,81","51,61K","0,21%"
"03.12.2014","6.563,53","6.530,90","6.590,01","6.531,39","73,50K","0,50%"
"02.12.2014","6.530,90","6.577,89","6.581,21","6.526,50","122,80K","-0,71%"
"01.12.2014","6.577,89","6.621,17","6.614,43","6.570,47","247,09K","-0,65%"
"28.11.2014","6.621,17","6.597,24","6.624,20","6.546,14","185,39K","0,36%"
"27.11.2014","6.597,24","6.551,71","6.614,43","6.594,89","63,07K","0,69%"
"26.11.2014","6.551,71","6.585,41","6.594,89","6.497,19","147,27K","-0,51%"
"25.11.2014","6.585,41","6.536,37","6.663,28","6.555,81","323,94K","0,75%"
"24.11.2014","6.536,37","6.477,36","6.643,74","6.514,78","296,41K","0,91%"
"21.11.2014","6.477,36","6.620,88","6.839,15","6.423,91","174,24K","-2,17%"
"20.11.2014","6.620,88","6.731,68","6.731,68","6.604,66","440,59K","-1,61%"
"19.11.2014","6.729,23","6.555,81","6.741,93","6.585,12","349,13K","2,65%"
"18.11.2014","6.555,81","6.461,72","6.585,12","6.462,99","169,80K","1,46%"
"17.11.2014","6.461,72","6.438,76","6.487,32","6.399,49","244,05K","0,36%"
"14.11.2014","6.438,76","6.494,45","6.506,96","6.167,93","304,09K","-0,86%"
"13.11.2014","6.494,45","6.271,89","6.507,06","6.252,84","577,40K","3,55%"
"12.11.2014","6.271,89","6.067,98","6.301,78","6.068,28","192,73K","3,36%"
"11.11.2014","6.067,98","6.102,08","6.155,14","6.057,53","260,85K","-0,56%"
"10.11.2014","6.102,08","6.114,78","6.155,23","6.057,53","43,64K","-0,21%"
"07.11.2014","6.114,78","6.098,66","6.154,26","6.096,51","63,90K","0,26%"
"06.11.2014","6.098,66","6.105,31","6.154,26","5.910,98","227,27K","-0,11%"
"05.11.2014","6.105,31","6.086,74","6.124,94","6.058,51","78,12K","0,31%"
"04.11.2014","6.086,74","6.115,17","6.092,70","5.959,83","412,51K","-0,46%"
"03.11.2014","6.115,17","6.078,15","6.164,61","6.056,55","139,25K","0,61%"
"30.10.2014","6.078,15","6.051,47","6.155,23","6.009,66","134,55K","0,44%"
"29.10.2014","6.051,47","6.040,04","6.106,38","6.018,45","132,20K","0,19%"
"28.10.2014","6.040,04","6.067,01","6.086,84","5.984,25","260,38K","-0,44%"
"27.10.2014","6.067,01","6.100,03","6.100,03","6.032,13","63,82K","-0,54%"
"24.10.2014","6.100,03","6.084,10","6.139,60","6.058,51","63,03K","0,26%"
"23.10.2014","6.084,10","6.065,15","6.106,38","6.018,35","179,34K","0,31%"
"22.10.2014","6.065,15","6.091,34","6.139,60","6.057,53","266,52K","-0,43%"
"21.10.2014","6.091,34","6.020,40","6.204,08","5.989,14","326,11K","1,17%"
"20.10.2014","6.020,60","6.211,41","6.194,31","6.008,68","257,07K","-3,07%"
"17.10.2014","6.211,41","6.354,06","6.448,34","6.155,23","224,07K","-2,25%"
"16.10.2014","6.354,06","6.497,19","6.507,94","6.350,64","559,49K","-2,69%"
"15.10.2014","6.529,82","6.573,01","6.547,99","6.482,63","105,69K","-0,66%"
"14.10.2014","6.573,01","6.550,05","6.604,66","6.404,37","489,70K","0,35%"
"13.10.2014","6.550,05","6.491,82","6.614,43","6.477,65","405,87K","0,90%"
"10.10.2014","6.491,82","6.497,19","6.502,17","6.448,34","294,39K","-0,08%"
"09.10.2014","6.497,19","6.530,21","6.530,21","6.497,19","85,57K","-0,51%"
"08.10.2014","6.530,21","6.504,52","6.546,04","6.497,29","341,06K","0,39%"
"07.10.2014","6.504,52","6.507,45","6.546,14","6.497,19","330,62K","-0,05%"
"06.10.2014","6.507,45","6.559,82","6.559,72","6.449,32","346,03K","-0,80%"
"03.10.2014","6.559,82","6.473,64","6.565,58","6.473,74","154,55K","1,33%"
"02.10.2014","6.473,64","6.542,03","6.546,04","6.449,32","230,90K","-1,05%"
"01.10.2014","6.542,03","6.628,99","6.630,55","6.498,26","673,41K","-1,31%"
"30.09.2014","6.628,99","6.601,53","6.648,63","6.555,81","111,99K","0,42%"
"29.09.2014","6.601,53","6.710,28","6.690,25","6.504,03","112,49K","-1,62%"
"26.09.2014","6.710,28","6.642,38","6.721,90","6.643,74","98,20K","1,02%"
"25.09.2014","6.642,38","6.605,83","6.673,05","6.555,81","67,92K","0,55%"
"24.09.2014","6.605,83","6.566,46","6.633,88","6.566,46","80,41K","0,60%"
"23.09.2014","6.566,46","6.624,69","6.682,82","6.549,95","138,14K","-0,88%"
"22.09.2014","6.624,69","6.476,67","6.643,74","6.467,88","156,32K","2,29%"
"17.09.2014","6.476,67","6.472,76","6.516,73","6.414,14","1,06M","0,72%"
"16.09.2014","6.430,46","6.460,26","6.487,42","6.375,16","295,33K","-0,46%"
"15.09.2014","6.460,26","6.452,44","6.487,42","6.423,91","403,32K","0,12%"
"12.09.2014","6.452,44","6.546,82","6.546,14","6.448,34","274,35K","-1,44%"
"11.09.2014","6.546,82","6.609,25","6.613,45","6.448,44","60,66K","-0,94%"
"10.09.2014","6.609,25","6.644,82","6.624,20","6.565,58","115,37K","-0,54%"
"09.09.2014","6.644,82","6.626,45","6.668,17","6.614,43","84,08K","0,28%"
"08.09.2014","6.626,45","6.666,41","6.643,74","6.604,66","181,72K","-0,60%"
"05.09.2014","6.666,41","6.614,43","6.731,58","6.575,35","296,18K","0,85%"
"04.09.2014","6.610,52","6.815,70","6.815,70","6.350,64","124,60K","-3,01%"
"03.09.2014","6.815,70","6.750,63","6.838,07","6.795,18","183,90K","0,96%"
"02.09.2014","6.750,63","6.742,91","6.838,17","6.741,44","271,99K","0,11%"
"01.09.2014","6.742,91","6.628,40","6.785,41","6.609,55","219,34K","1,73%"
"29.08.2014","6.628,40","6.574,08","6.663,28","6.516,83","196,04K","0,83%"
"28.08.2014","6.574,08","6.531,97","6.702,36","6.530,41","123,56K","0,64%"
"27.08.2014","6.531,97","6.505,20","6.839,15","6.497,19","317,89K","0,41%"
"26.08.2014","6.505,20","6.461,92","6.544,97","6.356,50","121,21K","0,67%"
"25.08.2014","6.461,92","6.525,23","6.712,13","6.448,34","57,40K","-0,97%"
"22.08.2014","6.525,23","6.603,59","6.594,89","6.521,61","134,14K","-1,19%"
"21.08.2014","6.603,59","6.597,63","6.614,43","6.546,04","207,30K","0,09%"
"20.08.2014","6.597,63","6.690,35","6.653,51","6.565,58","261,19K","-1,39%"